last_name, first_name,player_id,year,b_k_percent,z_swing_percent,z_swing_miss_percent,oz_swing_percent,oz_swing_miss_percent,oz_contact_percent,meatball_swing_percent,iz_contact_percent,swing_percent,
Cabrera, Miguel,408234,2021,22.4,69.1,18.1,30.3,42.8,57.2,77.6,81.9,49.4,
Cruz Jr., Nelson,443558,2021,21.6,73.8,22.6,31,47.5,52.5,89.3,77.4,51,
Peralta, David,444482,2021,17.1,66.6,13.4,27,40.1,59.6,77.7,86.4,46.5,
Blackmon, Charlie,453568,2021,15.6,67.8,14.2,26.2,36.2,63.4,75.5,85.4,47.3,
McCutchen, Andrew,457705,2021,23.0,63.7,18.9,19.1,49.5,50,80.6,81.1,41.7,
Turner, Justin,457759,2021,16.0,66.9,13.2,22.6,30.7,69.3,77.1,86.8,44.5,
Votto, Joey,458015,2021,23.8,68.1,22.4,21.7,49.4,50.6,81.5,77.6,43.9,
Andrus, Elvis,462101,2021,15.0,66,10.3,31.7,39,61,70.7,89.2,48.9,
Santana, Carlos,467793,2021,15.5,66.9,16.7,22.5,37,63.4,73.9,83.2,43.4,
Lowrie, Jed,476704,2021,21.1,70.9,18.2,20.6,46.5,53,81.9,81.7,46.7,
Brantley Jr., Michael,488726,2021,10.4,65.9,7.1,24.1,21.8,78.2,67.6,92.7,45.6,
Gurriel, Yuli,493329,2021,11.2,62.2,8.8,26.1,24.2,75.8,76.1,91.2,42.8,
Rojas, Miguel,500743,2021,13.7,66.4,11.2,26.3,38.2,61.4,78.2,88.6,45.7,
Escobar, Eduardo,500871,2021,20.7,72.2,18.4,28.8,36.3,63.7,82.4,81.6,49.5,
Pham, Tommy,502054,2021,22.8,59.9,16.6,16.1,50,50,76.4,83.4,38.2,
Martinez, J.D.,502110,2021,23.7,76.5,20.9,33.7,46.7,53.3,84.1,79.1,54.2,
Goldschmidt, Paul,502671,2021,20.0,64.4,21.2,25.2,33.6,66.4,72.9,78.8,44.2,
Altuve, Jose,514888,2021,13.4,66.7,10,30.5,27.1,71.7,79.9,89.4,47.4,
Hernandez, Cesar,514917,2021,21.2,68.3,15.5,26.1,38.2,59.2,79.9,83,47.1,
Segura, Jean,516416,2021,13.8,66.6,11.4,30.2,30.2,68.5,71.3,87.5,48.7,
Marte, Starling,516782,2021,18.8,71,16,30.1,42.3,56.4,77.5,82.2,49.5,
Donaldson, Josh,518626,2021,21.0,70.2,22.5,22.6,42.1,57.9,83.8,77.4,45.2,
Freeman, Freddie,518692,2021,15.4,77.5,17.2,25.6,32.3,67.1,91.6,82.7,51.2,
LeMahieu, DJ,518934,2021,13.8,61.8,9.8,20.5,28.1,71.9,69.2,90.2,41.4,
Rizzo, Anthony,519203,2021,15.1,64.5,15.6,29.3,31.7,67.4,69.1,84.4,46.5,
Stanton, Giancarlo,519317,2021,27.1,63.5,23.5,28,50.5,49.5,65.9,76.5,44.2,
Perez, Salvador,521692,2021,25.6,78.6,20.8,44.6,50,50,82.4,79.2,58.9,
Garcia, Avisail,541645,2021,23.5,81.8,25.5,37.2,49.4,50.6,91.4,74.5,58.1,
Villar, Jonathan,542340,2021,26.1,74.7,22.2,27.9,48.8,50.5,87.1,77.5,49.9,
Aguilar, Jesus,542583,2021,18.2,63.8,17.1,27.3,44.9,55.1,65.8,82.9,44.8,
Crawford, Brandon,543063,2021,19.1,77.6,20.3,27.9,52.3,47.7,86,79.5,51.7,
Cron, C.J.,543068,2021,21.4,66.2,19.2,30.9,42.3,57.7,70.3,80.8,47.1,
Grossman, Robbie,543257,2021,23.1,63.4,16,15.6,42.6,57.4,79.5,84,38.4,
Harrison, Josh,543281,2021,13.4,75.1,15,35.5,26.9,72.8,77.4,84.9,55.4,
Hosmer, Eric,543333,2021,17.5,67,14.5,31.8,38.5,61.5,82,85.5,48.3,
Semien, Marcus,543760,2021,20.2,69.7,14.4,21.2,44.4,55.6,82.8,85.6,45.1,
Grichuk, Randal,545341,2021,20.9,73.7,13,32.4,44.8,55.2,85.4,87,52.3,
Harper, Bryce,547180,2021,22.4,75.4,24.6,24.7,50.3,49.4,86.3,74.8,47.5,
Abreu, Jose,547989,2021,21.7,66.7,17.4,32.1,46.3,53.7,70.8,82.6,48.4,
Suarez, Eugenio,553993,2021,29.8,64.3,18.9,23.2,56.4,43.6,73.3,81.1,42.7,
Schoop, Jonathan,570731,2021,19.7,71,15.7,35.2,41.6,58.4,80.3,84.3,52.5,
Arenado, Nolan,571448,2021,14.7,67.3,10.4,29,34.7,65.3,64.1,89.6,46.8,
Farmer, Kyle,571657,2021,18.3,65.2,11.5,35.6,34.6,64.8,68.3,88.5,49.9,
Haniger, Mitch,571745,2021,24.5,65,20.1,29.2,50.2,49.8,72.3,79.9,46.6,
Hernandez, Enrique,571771,2021,18.8,66.7,14,24.9,46.3,53.7,79.4,85.8,44.6,
Muncy, Max,571970,2021,20.3,60.3,16.8,15.7,47.9,52.1,75.3,83.2,37.6,
Seager, Kyle,572122,2021,24.0,72.3,20.5,29.2,49.9,50.1,80,79.3,49.6,
Taylor, Michael A.,572191,2021,27.3,75.4,22.3,30.4,50.4,47.2,83.8,76.6,51.9,
Yastrzemski, Mike,573262,2021,24.6,67.9,18.8,23,40.9,59.1,81.7,80.2,45.9,
Iglesias, Jose,578428,2021,14.7,68.5,10.7,43.2,30.2,69.8,77.4,89.3,55,
Bryant, Kris,592178,2021,23.0,73.7,17.7,26.6,53.3,46.7,82.1,82.3,48.7,
Canha, Mark,592192,2021,20.5,61.5,15.4,20.7,38.6,61.4,76.8,84.6,40.5,
Castellanos, Nick,592206,2021,20.7,78.8,20.2,36.3,48.4,51.4,88.4,79.8,55,
Judge, Aaron,592450,2021,25.0,66.1,20.1,23.6,49.6,50.4,78,79.9,42.5,
Machado, Manny,592518,2021,15.9,70.2,14.1,28.9,41.6,58.4,77.5,85.7,48,
Realmuto, J.T.,592663,2021,24.0,70,21.8,30.4,38.2,61.8,79.4,78.2,49.5,
Renfroe, Hunter,592669,2021,22.7,66.7,18.9,31.7,39.1,60.9,72.5,81.1,48.2,
Merrifield, Whit,593160,2021,14.3,71.3,13.9,29,28.4,71.1,82.5,85.9,50,
Bogaerts, Xander,593428,2021,18.7,62.4,15.6,31,33.3,66.7,73.7,84.4,45.7,
Polanco, Jorge,593871,2021,18.3,70.5,11.9,29.7,37.2,62.3,77.5,87.5,49.5,
Sano, Miguel,593934,2021,34.4,66.1,25.9,26.6,63.7,36.3,81,74.1,44.6,
Duvall, Adam,594807,2021,31.4,67.1,19.3,33.8,48,52,67.9,80.7,50,
Baez, Javier,595879,2021,33.6,75.9,29.5,44.5,52.8,46.7,85.4,70.3,56.9,
Lindor, Francisco,596019,2021,18.3,70.9,16.8,26,38.8,61.2,86,82.2,47.4,
Story, Trevor,596115,2021,23.4,73.7,17.9,30.3,48.2,51.6,81.5,82.1,50.8,
Candelario, Jeimer,600869,2021,21.6,68.6,15.2,29.1,40.6,59.1,76.5,84.6,47.6,
Bell, Josh,605137,2021,17.8,74,16.3,23.8,44.7,55.3,83.2,83.7,46.7,
Betts, Mookie,605141,2021,15.6,63.9,10.1,18.2,38.8,61.2,73.6,89.9,40.4,
Tapia, Raimel,606132,2021,13.1,69,8.8,33,27.4,72.3,71.1,90.7,51.2,
Hernandez, Teoscar,606192,2021,24.9,75.8,20.6,30.6,56.5,43.5,81,79.4,51.8,
Turner, Trea,607208,2021,17.0,72.3,15.4,26.5,43.4,56.6,78.5,84.6,49.2,
Ramirez, Jose,608070,2021,13.7,64.4,8.9,24.1,28.9,71.1,69,91.1,43,
Gallo, Joey,608336,2021,34.6,64.4,30.7,18.9,64,35.3,77,68.6,40.4,
Swanson, Dansby,621020,2021,25.6,72.5,24.4,24,48.2,51.8,82.7,75.5,48.1,
Newman, Kevin,621028,2021,7.4,63.3,6.2,26.5,25.1,74.1,69.5,92.5,44.9,
Taylor, Chris,621035,2021,28.7,69.4,26,20.6,56.3,43.3,83.7,73.9,45.6,
Correa, Carlos,621043,2021,18.1,62,12.6,24.1,40.3,59.7,72.7,87.4,42.1,
Olson, Matt,621566,2021,16.8,72.2,18.1,23.7,36.8,62.9,83.9,81.6,47,
Alonso, Pete,624413,2021,19.9,71,16.6,30.8,41.2,58.8,85.4,83.4,49.3,
Frazier, Adam,624428,2021,10.8,67.9,7.5,26.1,25.8,74.2,75.1,92.3,47.6,
Soler, Jorge,624585,2021,23.6,70,18.5,23,57.4,42.6,82.1,81.4,44.8,
Cronenworth, Jake,630105,2021,14.0,62.5,7.3,23.5,31,68.7,71.9,92.2,43.2,
Meadows, Austin,640457,2021,20.6,71,16.3,25.1,44.6,55.4,81.2,83.5,46.7,
Anderson, Tim,641313,2021,21.6,79.2,17.7,36.6,43.8,56.3,84.3,82.3,57.8,
Crawford, J.P.,641487,2021,16.6,64,10.1,21.7,33.5,65.5,74.8,89.5,44.2,
Dozier, Hunter,641531,2021,28.4,70.3,18.4,29.8,61.6,38.4,79.7,81.6,48.8,
Mancini III, Trey,641820,2021,23.2,65.6,21.8,30.8,44,56,76.3,78.2,47,
McMahon, Ryan,641857,2021,24.7,73.1,22,24.5,50.7,49.3,84.9,78,48.8,
O'Neill, Tyler,641933,2021,31.3,73.9,26,27.5,56.1,43.9,82.3,74,49.8,
Rosario, Amed,642708,2021,20.4,64,15.8,34.7,40.6,59.1,67.5,84.2,48.9,
Adames, Willy,642715,2021,28.1,72.2,24.3,27.5,52.5,47.5,85.3,75.6,48.9,
Benintendi, Andrew,643217,2021,18.0,73.9,18.7,30.2,32.5,66.6,87.7,80.4,52.5,
Kiner-Falefa, Isiah,643396,2021,13.3,62.6,6.8,30.7,30,70,62.7,93,46.5,
Albies, Ozzie,645277,2021,18.7,82.2,20.1,34.2,35.2,64.8,96.3,79.7,56.8,
Devers, Rafael,646240,2021,21.5,77.7,22.7,32.3,38.2,61.3,87.9,77.2,53.6,
Urias, Luis,649966,2021,20.4,67.8,18.2,25.2,35.2,64.5,76.9,81.7,46.3,
Torres, Gleyber,650402,2021,20.2,70.7,20.8,22.6,43.4,56.2,84.1,79.2,46.7,
Diaz, Yandy,650490,2021,15.7,66.8,13.8,18.9,38.1,61.9,80,86.2,42.6,
Chapman, Matt,656305,2021,32.5,66.4,27.6,22.9,47.6,52.4,84.8,72.4,44.6,
Mullins II, Cedric,656775,2021,18.5,64.7,14.8,27.8,33.4,63.5,79.5,82.8,46.3,
Smith, Pavin,656976,2021,19.4,59.5,9.3,23.8,38.3,61.3,77.9,90.7,42.1,
Verdugo, Alex,657077,2021,15.9,62.2,11.3,26.5,33.6,66.4,76.2,88.7,44.7,
Moncada, Yoan,660162,2021,25.5,63.6,19,23.6,50.3,49.7,72.9,81,42.6,
Ohtani, Shohei,660271,2021,29.6,69.9,26.8,27.2,51.5,48.2,86.2,73.2,45.8,
Riley, Austin,663586,2021,25.4,72.2,21.1,31,42.7,57.3,82.1,78.9,50.2,
Mountcastle, Ryan,663624,2021,27.5,76.1,22.8,38.1,46,54,89.2,77.2,55.1,
Tucker, Kyle,663656,2021,15.9,80.9,14.4,26.3,37.2,62.8,95.2,85.5,52.5,
India, Jonathan,663697,2021,22.3,56.9,17.3,21.8,44.7,55.3,68.4,82.7,39,
Grisham, Trent,663757,2021,22.6,63.5,16.7,16.9,41.1,57.8,77.2,82.5,40.5,
Lowe, Nathaniel,663993,2021,25.2,66.2,18.2,22.9,39.1,60.9,73,81.8,44.7,
Happ, Ian,664023,2021,29.2,65.6,24.5,23.1,53.4,46.2,82.4,75.3,43.9,
France, Ty,664034,2021,16.3,72.1,10.4,30,38.5,61.5,80.1,89.6,50.3,
Lowe, Brandon,664040,2021,27.2,78.5,25.4,29.7,49.9,50.1,89.1,74.5,52.5,
Fletcher, David,664058,2021,9.0,61.2,5.6,29.2,19.1,80.9,71.1,94,46.5,
Straw, Myles,664702,2021,19.0,59.7,9.9,19,26.4,73.6,72.8,89.8,40.4,
Walsh, Jared,665120,2021,26.0,68.5,19.6,31.6,38.8,61,80.5,79.8,49.3,
Tatis Jr., Fernando,665487,2021,28.0,79.9,24.1,29,57.9,42.1,90.5,75.5,51.5,
Guerrero Jr., Vladimir,665489,2021,15.8,73.7,18.2,24.5,52.7,47.3,85.3,81.8,47.3,
Soto, Juan,665742,2021,14.2,60,14.7,12.2,43.6,56.4,75.7,85.3,35,
Chisholm Jr., Jazz,665862,2021,28.6,64.9,22.3,30.8,44.2,55.2,80.7,76.8,47.2,
Bichette, Bo,666182,2021,19.9,79.6,14.5,38.1,37.2,62.8,87.7,85.5,57.8,
Carlson, Dylan,666185,2021,24.6,67.2,20.7,23.9,47.1,52.9,73.7,79,45,
Garcia, Adolis,666969,2021,31.2,74.5,26.2,35.8,49.2,50.6,83.5,73.7,54.1,
Gurriel Jr., Lourdes,666971,2021,18.9,68.3,16.4,34.3,38.9,61.1,78.6,83.6,50.9,
Arozarena, Randy,668227,2021,28.1,66.5,25.1,24.7,49.7,50,78.7,74.4,44.2,
Reynolds, Bryan,668804,2021,18.4,75.4,15.3,24.7,47.8,52.2,89.1,84.6,48.9,
Rojas, Josh,668942,2021,24.9,62.9,17.8,21.1,41.1,58.9,72,81.7,42.2,
Edman, Tommy,669242,2021,13.7,65.6,9,28.2,29.6,70.1,77.4,90.7,47.4,
Solak, Nick,669256,2021,20.9,64.3,18,29.8,37.7,62.3,68.4,81.6,46,
Hays, Austin,669720,2021,20.2,64.4,12.4,29.4,49.8,50.2,70.1,86.9,46.4,
Lopez, Nicky,670032,2021,13.1,64.9,9.5,24.5,31.6,66,70.5,89.2,45.1,
Alvarez, Yordan,670541,2021,24.2,62,12.6,26.2,43.8,56.2,66.9,87.1,43.1,
Cabrera, Miguel,408234,2022,24.8,70.7,22.5,31.1,44.8,55.2,80,77.5,50,
Cruz Jr., Nelson,443558,2022,22.3,72.8,23.9,30.6,48.5,51.5,79.7,76.1,50.7,
Peralta, David,444482,2022,23.2,69.4,14.7,31.7,54.2,45.1,74.3,85.3,50.5,
Blackmon, Charlie,453568,2022,17.4,69.5,14.5,30,32.9,66.5,78.3,85.3,50.4,
McCutchen, Andrew,457705,2022,18.5,69.2,13.8,21.5,50,50,80,86.2,46.8,
Turner, Justin,457759,2022,17.1,67.7,16.6,25.1,30.5,69.5,71.9,83.4,45.6,
Andrus, Elvis,462101,2022,14.3,61.5,16.5,28.8,31.4,68.6,64.5,82.9,44.9,
Brantley Jr., Michael,488726,2022,10.8,62.4,8.9,21.7,23.2,76.8,59.3,91.1,41.5,
Gurriel, Yuli,493329,2022,13.4,61.9,9.6,34.5,29.5,70.5,74.2,90.4,47.6,
Rojas, Miguel,500743,2022,11.1,66.7,6.8,31.2,34.4,64.9,68.1,92.6,48.6,
Escobar, Eduardo,500871,2022,24.5,72.6,19.5,31.9,43.1,56.9,77,80.5,50.8,
Pham, Tommy,502054,2022,24.2,62.1,17.5,21.3,53.8,46.2,76,82.3,42.3,
Martinez, J.D.,502110,2022,24.1,75.2,17.6,32.9,48.5,51.5,88,82.4,52.3,
Goldschmidt, Paul,502671,2022,20.5,59.7,19.3,27.6,40.7,58.9,61.5,80.7,43.1,
Altuve, Jose,514888,2022,15.8,63.4,10.3,29.5,26,72.4,65.9,88.8,44.8,
Hernandez, Cesar,514917,2022,17.8,69.6,12.9,28.3,39.9,58.1,73.9,85.9,48.7,
Marte, Starling,516782,2022,17.4,67.2,17.4,32.1,39.9,59.1,74.7,81,49.3,
Donaldson, Josh,518626,2022,26.0,68,24.9,30.4,40,59.4,80,75.1,48.2,
Freeman, Freddie,518692,2022,17.6,73.7,16.1,25.8,31.8,68.2,84.1,83.9,48.9,
LeMahieu, DJ,518934,2022,12.4,56.3,10.7,23.8,25.5,74.5,62.4,89.3,40.2,
Rizzo, Anthony,519203,2022,17.9,62.2,13,28.3,38,62,68.9,86.5,44.3,
Stanton, Giancarlo,519317,2022,26.2,62,26.8,26.4,50,50,78.2,73.2,42.6,
Flores, Wilmer,527038,2022,16.0,66.9,11.6,24.3,39.1,60.9,77.3,88.4,45,
Garcia, Avisail,541645,2022,28.3,82.5,21.3,42.1,61.3,38.7,91.2,78.7,60.1,
Ozuna, Marcell,542303,2022,22.3,69.4,18.2,31.8,41.3,58.7,82.1,81.8,49,
Aguilar, Jesus,542583,2022,23.9,63.9,18.6,37,40.4,59.2,68.8,81.4,49.3,
Cron, C.J.,543068,2022,25.6,63.5,15.8,32.8,37.4,62.1,78.1,84.2,47.7,
Grossman, Robbie,543257,2022,30.1,63.1,17.8,17.5,48.5,51.5,76.7,82.2,39.9,
Hosmer, Eric,543333,2022,16.6,68.9,10.1,35.2,35,64.1,69,89.9,50.6,
Semien, Marcus,543760,2022,17.3,72.8,12.5,27.9,43,57,85.6,87.5,49.8,
Springer III, George,543807,2022,19.3,76.7,23.3,24.3,49.3,50.7,85.1,76.7,50.1,
Grichuk, Randal,545341,2022,26.6,69,16.2,29.6,50,50,75.4,83.8,49.4,
Trout, Mike,545361,2022,29.6,62.1,25.1,21.2,51.1,48.9,69.7,74.9,41.3,
Harper, Bryce,547180,2022,18.9,82.4,21.3,35,42.2,55.8,87.7,78.2,56.4,
Abreu, Jose,547989,2022,15.6,63.9,13.8,25.6,41.8,58.2,69.4,86.2,43.9,
Suarez, Eugenio,553993,2022,31.6,63.9,25.9,23.4,54.2,45.8,65.1,74.1,42.5,
Urshela, Gio,570482,2022,17.1,70.2,14.1,35.8,34,66,80.2,85.9,52.7,
Schoop, Jonathan,570731,2022,19.9,74.5,15.9,37,47.2,52.8,75,84.1,55,
Arenado, Nolan,571448,2022,13.2,65.4,14.2,32.1,32.9,67.1,74,85.8,47.4,
Farmer, Kyle,571657,2022,14.8,65.1,10.9,32.5,31.4,68,68.1,89.1,48,
Muncy, Max,571970,2022,23.0,55.4,20.8,16.8,40.4,58.5,65.7,78.8,36,
Voit III, Luke,572228,2022,33.2,77.9,31.9,30.8,63.8,36.2,91.9,68.1,51.5,
Walker, Christian,572233,2022,19.2,66.4,15.1,21.2,53.2,46.8,77.9,84.9,42.4,
Ruf, Darin,573131,2022,26.4,55.4,19.4,22.3,46.2,53.8,69.4,80.6,38.8,
Yastrzemski, Mike,573262,2022,23.2,62.4,16.7,18.7,44.2,55,64.8,82,39.9,
Contreras, Willson,575929,2022,20.7,72.3,19.6,31.2,50.8,49.2,74.4,79.9,49.9,
Iglesias, Jose,578428,2022,10.4,65.5,9,39.7,22.3,77.7,67.1,91,52.9,
Canha, Mark,592192,2022,18.3,61.3,18.7,24.7,29.9,70.1,59.1,81.3,43.5,
Castellanos, Nick,592206,2022,23.3,77.4,21,38.9,51.3,48.7,83.5,79,56.8,
Drury, Brandon,592273,2022,22.6,59.1,11.5,29.7,34.4,65.6,71.3,88.5,44.2,
Judge, Aaron,592450,2022,24.9,65.5,18.3,23,50,49.4,74.3,81.7,43.4,
Machado, Manny,592518,2022,18.7,73.3,16.3,30,34.2,65.8,82.4,83.7,49.5,
Realmuto, J.T.,592663,2022,21.7,67.1,18.9,29.8,35.9,64.1,75,81.1,48,
Yelich, Christian,592885,2022,23.6,63.7,15.5,21.1,46,53.4,74.3,84.3,41.9,
Merrifield, Whit,593160,2022,14.5,71.4,14,28.9,31.3,67.7,78.2,85.5,50,
Bogaerts, Xander,593428,2022,20.3,60.5,17.2,27.5,38.1,61.9,70.1,82.8,43.1,
Polanco, Jorge,593871,2022,22.4,61.7,18.5,25.3,44.4,55,68.6,81.2,42.7,
Calhoun, Kole,594777,2022,26.9,80.7,26.4,31.1,51.9,48.1,87.3,73.6,53.4,
Duvall, Adam,594807,2022,32.0,67.4,21.1,34.6,44.6,55.4,74.7,78.9,50.5,
Profar, Jurickson,595777,2022,14.4,62.2,14.5,23.7,28.9,70,75.5,84.8,42,
Baez, Javier,595879,2022,24.9,68.6,22.2,46,54.6,45.4,72.5,77.8,55.2,
Lindor, Francisco,596019,2022,19.4,67.4,15.7,28.5,39.6,60.4,76.4,84.3,46.6,
Story, Trevor,596115,2022,31.2,69,21.7,32.5,47.5,52.5,74.2,78.3,49.6,
Sanchez, Gary,596142,2022,27.8,62.2,19.2,32.2,47,53,65.9,80.8,47,
Kepler, Max,596146,2022,15.4,69,13.3,22.8,44.2,55.1,80.7,86.5,44.2,
Franco, Maikel,596748,2022,19.4,67.4,22.2,38.3,39.5,60.5,76.3,77.8,52.6,
Bell, Josh,605137,2022,13.3,70.9,15.7,28.4,29.3,70.7,80.5,84.1,47.9,
Betts, Mookie,605141,2022,16.8,61.6,9,19.5,40,60,69.5,91,40,
Marte, Ketel,606466,2022,17.8,64.8,18.2,29.4,31.2,68.8,81.2,81.3,46.1,
Nimmo, Brandon,607043,2022,17.1,69,15.3,20.6,38.2,61.8,84,84.3,46,
Turner, Trea,607208,2022,19.9,71.7,15,30.2,50.2,49.8,82.8,85,49.5,
Ramirez, Jose,608070,2022,9.6,65.7,7.3,29.3,21.7,77.8,68.2,92.5,45.8,
Bregman, Alex,608324,2022,14.0,60.9,11.2,16.5,30.6,69.4,71.6,88.8,37.7,
Seager, Corey,608369,2022,16.6,80,14.5,30.8,56.6,43.4,90.7,85.5,54.3,
Winker, Jesse,608385,2022,18.1,69.9,14.9,20.8,34.8,65.2,81.3,84.6,45.9,
Swanson, Dansby,621020,2022,26.9,72.1,24,27,53.1,46.9,82,76,49,
Taylor, Chris,621035,2022,35.4,76.9,31.6,22.4,68.6,31.4,90.2,68.4,49.9,
Correa, Carlos,621043,2022,22.7,67.1,16.7,28.3,42.7,57.3,72.7,83.3,46.6,
Buxton, Byron,621439,2022,28.2,68.3,23.7,26.8,54.9,45.1,79.8,76.3,47.6,
Wisdom, Patrick,621550,2022,33.7,70.8,25,25.7,62.6,37.4,84.5,75,48.3,
Olson, Matt,621566,2022,22.7,73.7,20.8,25.9,43.5,56.5,76.4,79,48.1,
Mateo, Jorge,622761,2022,32.5,73,22.2,35.7,59.5,39.5,80.9,75.9,53.8,
Santander, Anthony,623993,2022,19.7,66.2,14.4,32.4,32.8,67.2,69.3,85.6,47.8,
Alonso, Pete,624413,2022,19.4,67.5,16.8,32.3,39.8,60.2,80.9,83.2,47.6,
Frazier, Adam,624428,2022,11.4,67.4,8,30.3,24.6,74.3,75.5,91.7,48.7,
Soler, Jorge,624585,2022,28.4,68.7,23.6,25.8,50,50,82.5,76.4,45.7,
Cronenworth, Jake,630105,2022,19.8,58.3,9.3,20.9,40.3,59,69.8,90.7,40.5,
Bellinger, Cody,641355,2022,30.2,66.7,23,32.7,38.2,61.8,84.2,76.8,49.5,
Crawford, J.P.,641487,2022,14.7,61.1,9.6,21.7,36,63.2,68.5,90.1,41.4,
Dozier, Hunter,641531,2022,22.6,71,13.3,31.5,54.8,45.2,79.5,86.7,49.7,
Mancini III, Trey,641820,2022,20.5,65.8,17.8,28.2,43.4,56.6,73.5,82.2,46.3,
McMahon, Ryan,641857,2022,26.1,64.1,20.5,27.4,45.4,54.6,79.3,79.5,46.3,
Tellez, Rowdy,642133,2022,19.9,62.2,14.9,27.2,40.7,59.3,67.4,85.1,44.1,
Rosario, Amed,642708,2022,14.1,66.8,13.9,38.9,28.5,71.5,65.5,86.1,52.5,
Adames, Willy,642715,2022,27.8,70.1,22.5,28,48.1,51.9,82.9,77.5,48,
Estrada, Thairo,642731,2022,15.2,66.4,12.2,31.5,33.3,64.8,84.7,86.9,48.5,
Benintendi, Andrew,643217,2022,13.8,73,18.8,22.3,22,78,84,81.2,48,
Cooper, Garrett,643265,2022,24.1,58.7,15.2,29.4,39.1,60.9,77.1,84.8,43.9,
Kemp, Tony,643393,2022,13.9,66.4,9.8,29.4,25,75,73.2,89.2,48.1,
Kiner-Falefa, Isiah,643396,2022,13.9,61.5,7.6,33.7,22,78,75.6,91.8,48.1,
McNeil, Jeff,643446,2022,12.8,77.8,12.8,28.4,26.7,71.2,85,86.4,53,
Albies, Ozzie,645277,2022,17.5,81.9,15.1,43.1,32.9,66.7,92.1,84.9,58.8,
Devers, Rafael,646240,2022,17.4,78.6,21.6,36.9,37.4,62.1,89.4,77.9,56.4,
Arraez, Luis,650333,2022,8.0,62.4,6.5,23.6,10.6,89.4,62,93.2,41.6,
Torres, Gleyber,650402,2022,18.6,73.3,23.6,27.8,33.3,66.7,78.3,76.2,50.1,
Diaz, Yandy,650490,2022,10.0,62.6,8,18.6,28.9,71.1,72.6,92,39.9,
Chapman, Matt,656305,2022,24.0,63.7,21.1,19.2,47.5,52.5,78.7,78.9,41.7,
Hoskins, Rhys,656555,2022,24.9,59.8,16.6,22.9,45.8,54.2,72.5,83.4,40.9,
Joe, Connor,656582,2022,20.9,58.4,13.7,22.3,40.7,59.3,71.7,86.3,40.8,
Mullins II, Cedric,656775,2022,16.9,73.1,13.9,31.9,35.5,64,83.3,84.5,53.5,
Schwarber, Kyle,656941,2022,29.5,58,23.7,20.8,43.7,55.7,64,76.1,38.6,
Thomas, Lane,657041,2022,24.8,61.3,14,26.1,37.5,62.5,75.6,86,44.1,
Verdugo, Alex,657077,2022,10.0,67.2,8.6,25.8,29,71,76.1,91.4,47.3,
Ohtani, Shohei,660271,2022,23.9,70.4,23.7,26.2,38.8,61.2,84.9,76.3,47,
Ruiz, Keibert,660688,2022,9.7,76.5,7.3,30.7,28.5,71.5,74.6,92.7,51.6,
Sanchez, Jesus,660821,2022,28.4,67.2,21,32.9,49.7,50.3,80.5,79,48.4,
Varsho, Daulton,662139,2022,23.1,68,19,30.2,35.4,62.2,78,80,50.6,
Riley, Austin,663586,2022,26.2,76,20.2,31.6,49.3,50.7,82.2,79.8,52.6,
Mountcastle, Ryan,663624,2022,25.3,82,21.4,38.9,41.2,58.8,91.4,78.6,58.2,
Hayes, Ke'Bryan,663647,2022,22.8,61.7,11.3,25.5,41.7,58.3,67,88.7,42.5,
Tucker, Kyle,663656,2022,15.6,78.9,14.9,26.2,42.2,57.8,91,84.9,51.6,
Grisham, Trent,663757,2022,25.3,55.7,19.1,21.6,43.9,53.2,65,79.2,38.7,
Rodgers, Brendan,663898,2022,16.6,75.1,17.1,28.3,42.7,57.3,85.9,82.9,52.5,
Lowe, Nathaniel,663993,2022,23.8,73.7,18.5,29.5,47.9,51.5,81.7,81.5,52.4,
Happ, Ian,664023,2022,20.4,70.4,20.5,25.8,43.8,56.2,79.6,79.5,47.3,
France, Ty,664034,2022,14.0,76.5,10.1,28.5,40.5,59.5,78.4,89.9,51.1,
Bader, Harrison,664056,2022,17.8,64.6,10.5,33.8,37.2,61.2,61.2,88.1,47.7,
Straw, Myles,664702,2022,16.4,55.8,10.1,18,26.1,73.9,64.1,89.7,38.5,
Bohm, Alec,664761,2022,20.8,71.1,18.9,31.4,36,64,80,81.1,49.9,
Brown, Seth,664913,2022,26.3,67.2,19.5,30.8,52.1,47.3,78,80.2,48.4,
Walsh, Jared,665120,2022,29.7,64.8,18.1,31.6,44.9,55.1,76.5,81.6,49,
Guerrero Jr., Vladimir,665489,2022,17.9,74.3,16.8,28.5,43,57,88.5,83.2,49.4,
Soto, Juan,665742,2022,15.3,57,15.5,18.5,35.1,63.6,72.3,84,35.9,
Lux, Gavin,666158,2022,18.4,62.9,13.9,20.7,36,64,71.4,86.1,41.4,
Bichette, Bo,666182,2022,23.9,78.5,15.5,37.7,44.7,55.3,87.9,84.5,57.4,
Garcia, Adolis,666969,2022,27.1,74.9,27.8,37.8,45.3,54.7,76.8,72.2,54.5,
Gurriel Jr., Lourdes,666971,2022,17.3,66.9,14.5,28.5,38,62,71.4,85.5,47.4,
Arozarena, Randy,668227,2022,25.6,64.4,22.7,30.5,42.5,57.5,78.8,77.3,46.1,
Reynolds, Bryan,668804,2022,22.7,73.2,15.8,31.1,51.4,48.6,88,84,50.5,
Marsh, Brandon,669016,2022,34.5,64.5,24.2,29.5,44.1,53.3,70.7,75.8,46.9,
Murphy, Sean,669221,2022,22.7,70.3,17.9,33,41.1,58.9,84.3,82.1,51.4,
Edman, Tommy,669242,2022,18.3,61.5,10.7,29.9,36.9,62.1,63.2,89.3,45.3,
Smith, Will,669257,2022,14.5,64,14.8,18.1,25.5,74.5,73.6,85.2,41.3,
Espinal, Santiago,669289,2022,16.5,66.2,11.6,26.2,28.7,70.7,75,88.1,46,
Hays, Austin,669720,2022,17.8,71.9,10.1,36.7,47.2,52.8,77.3,89.9,53.2,
Lopez, Nicky,670032,2022,12.8,64.6,11.3,29.4,30,67.1,75.4,87.4,47.1,
Alvarez, Yordan,670541,2022,17.3,63.7,15.1,23.5,46,54,79.3,84.7,42.5,
Kirk, Alejandro,672386,2022,9.2,60.8,11.3,24.6,21.6,78.4,68.9,88.8,42.1,
Robert, Luis,673357,2022,19.2,83.3,17.3,45.2,42.3,57.7,87.7,82.7,62.4,
Kim, Ha-Seong,673490,2022,19.3,59.7,14.7,24.8,32,67.3,72.5,85.3,42.2,
Rodriguez, Julio,677594,2022,27.4,72.5,23,32.7,51.5,48.5,80.2,77,51,
Witt Jr., Bobby,677951,2022,24.5,71,19.2,34.7,40.7,59.3,81.1,80.8,52.2,
Torkelson, Spencer,679529,2022,25.9,67.7,18.1,24.5,43.5,56.5,77.5,81.9,46.2,
Kwan, Steven,680757,2022,8.5,53.2,6.9,20.7,17.5,82.5,68.5,92.2,37.3,
Miller, Owen,680911,2022,20.0,63.6,12.4,34.1,31.6,68.4,69.1,87.6,48.6,
Vaughn, Andrew,683734,2022,16.5,60.3,8.3,32.4,37.4,62.6,64.8,91.7,46.3,
Peralta, David,444482,2020,20.6,65.5,15.5,26.6,35.8,64.2,68.9,84.5,46.6,
Santana, Carlos,467793,2020,16.9,61.4,15.8,16.6,34.6,64.4,81.7,83.9,36.3,
Brantley Jr., Michael,488726,2020,15.0,59.3,10.1,20,35.2,64.8,65,89.4,39.9,
Escobar, Eduardo,500871,2020,18.5,70.2,12.9,35.2,36.6,63.4,87.3,86.7,51.4,
Reddick, Josh,502210,2020,20.0,68.4,16.1,25.7,39.1,60.9,73.2,83.2,46.5,
Gonzalez, Marwin,503556,2020,20.6,61.4,18.2,26.8,34.2,64.9,72.7,81.4,43,
Hernandez, Cesar,514917,2020,21.8,65,9.9,22.9,46.4,51.2,78.7,87.5,43.6,
Freeman, Freddie,518692,2020,14.1,77.7,15.2,25.8,31.3,68.7,90.8,84.8,48.2,
Grandal, Yasmani,518735,2020,29.9,49.3,22.2,20.1,50,50,47.5,77.8,34.1,
LeMahieu, DJ,518934,2020,9.7,64,7.1,24,22.2,77.8,67.6,92.9,44.1,
Flores, Wilmer,527038,2020,16.9,69.5,12.6,29.7,28,72,76.9,87.4,48,
Aguilar, Jesus,542583,2020,18.5,63.8,13.7,31.9,38.4,61.6,76.9,86.3,47.3,
Crawford, Brandon,543063,2020,24.4,78.3,21.6,31.7,55.1,44.9,83.3,78,54.6,
Semien, Marcus,543760,2020,21.2,70.9,18.8,18.5,39.8,60.2,75.3,80.9,44.1,
Grichuk, Randal,545341,2020,21.2,71.1,17.2,34,34.2,65.8,76.8,82.8,51.7,
Harper, Bryce,547180,2020,17.6,73.4,17.9,28.3,46.4,52.4,84.6,82.1,45.9,
Suarez, Eugenio,553993,2020,29.0,63.1,21.7,24,53.4,46.6,68.9,78.3,41.7,
Muncy, Max,571970,2020,24.2,59.6,19,15.9,53.3,46.7,76.5,81,36.6,
Myers, Wil,571976,2020,25.7,62.6,16.7,25.1,46,49.6,78,82.5,42.6,
Pollock, AJ,572041,2020,21.4,65.3,14.3,29.9,46.8,53.2,67.2,85.3,47.7,
Dickerson, Corey,572816,2020,16.7,73.7,23.3,33.2,30.8,69.2,89.1,76.7,53.4,
Yastrzemski, Mike,573262,2020,24.4,58.6,18.9,19.7,41.9,58.1,73.3,80.4,39.1,
Moran, Colin,592567,2020,26.0,69.2,17.2,35.7,43.4,56,86.5,82.4,49.9,
Realmuto, J.T.,592663,2020,24.6,66.9,22.6,25.2,47.4,52.6,77.8,77.4,45.3,
Merrifield, Whit,593160,2020,12.5,71.8,11.5,28,27.3,72,81.9,88.2,49.3,
Polanco, Jorge,593871,2020,15.5,64.4,10.4,23.2,34.3,64.8,75.8,89.3,43.7,
Duvall, Adam,594807,2020,25.8,66.6,18.7,32.5,43.3,56.7,78.2,81.3,49,
Baez, Javier,595879,2020,31.9,73.4,29.2,38.6,49.8,49.8,80,70.1,53.2,
Story, Trevor,596115,2020,24.3,66.6,18.3,28.2,40.5,59.5,80.6,81.4,45.8,
La Stella, Tommy,600303,2020,5.3,54.2,8.8,21.3,17.3,82.7,56.2,91.2,38.1,
Nunez, Renato,600524,2020,29.6,66.7,24.1,40,38.5,61.5,71.9,75.9,52.1,
Anderson, Brian,605119,2020,28.8,73.4,27.9,29.6,47.3,52.7,87.9,72.1,49.1,
Davis, J.D.,605204,2020,24.5,66.5,21.5,23.3,51.4,48.6,82.6,78.5,44.9,
Nimmo, Brandon,607043,2020,19.1,67.5,16.5,17,41.2,57.6,75.8,82.9,41.6,
Reyes, Franmil,614177,2020,28.6,69.3,28.1,27.5,59.3,40.7,77,71.9,46,
Taylor, Chris,621035,2020,25.7,73.7,27.2,17.3,53.9,46.1,87.1,71.8,44.9,
Alonso, Pete,624413,2020,25.5,65.3,17.7,30.5,52.2,47.8,78.3,82.3,46.1,
Frazier, Adam,624428,2020,15.2,68.9,11.1,24.7,30.4,69.6,75.3,87.5,46.2,
Crawford, J.P.,641487,2020,16.8,58.3,11.1,22.9,37.5,61.5,57.4,88.9,41.1,
McNeil, Jeff,643446,2020,11.5,83.1,13.6,32.4,26.9,73.1,86.3,86.1,57,
Schwarber, Kyle,656941,2020,29.5,62.3,21.8,27.8,38.9,60.4,69.8,77.8,42.9,
Acuna Jr., Ronald,660670,2020,29.7,63.7,26.3,20,39.8,60.2,80.3,73.7,40.5,
Fletcher, David,664058,2020,10.9,47.6,4.8,25.5,16.5,82.6,53.4,95.2,37.2,
Gurriel Jr., Lourdes,666971,2020,21.4,70.5,19.5,33.9,38.9,61.1,74.1,80.5,51.2,
Hiura, Keston,669374,2020,34.6,71.4,35.6,30.4,58.3,41.7,80.3,64.4,50.1,
Lopez, Nicky,670032,2020,21.4,64.2,16.3,25.2,32.6,67.4,63.3,82.4,44.6,
Robert, Luis,673357,2020,32.2,81.1,31.4,39.6,57.6,42.4,87.5,68.3,57.6,
Cabrera, Asdrubal,452678,2020,18.8,66.8,12.3,28.4,36.9,62.3,76.5,87.4,46.1,
Votto, Joey,458015,2020,19.3,57.2,17.2,17.3,38.1,61.9,69,82.8,36.2,
Gurriel, Yuli,493329,2020,11.7,66,6.3,34.4,30.4,69.6,63,93.7,48.8,
Segura, Jean,516416,2020,20.7,65.1,16,31.5,32.6,65.2,69.4,83.1,46.8,
Villar, Jonathan,542340,2020,26.1,74.7,22.4,33.6,48.7,51.3,85.5,76.8,51.6,
Vazquez, Christian,543877,2020,22.8,65,19.2,31.3,30.2,69.8,70.2,80.8,47.6,
Wong, Kolten,543939,2020,14.4,65.4,10.5,24.2,29,67.3,69.6,87.6,43.9,
Castellanos, Nick,592206,2020,28.5,73.2,19.9,35.9,55.8,44.2,77.6,80.1,51.8,
Rosario, Eddie,592696,2020,14.7,70.2,15.7,39.4,30.9,69.1,87.8,83.5,51.9,
Yelich, Christian,592885,2020,30.8,57.7,21.9,17.7,61.6,38.4,66.1,78.1,34.6,
Sano, Miguel,593934,2020,43.9,70.3,29.4,28,70.5,29.5,83,70.6,47.3,
Calhoun, Kole,594777,2020,21.9,76,23.2,21.4,62.1,37.9,85.7,76.8,46.8,
Lindor, Francisco,596019,2020,15.4,72.3,12.4,29.9,35.9,63,87.1,87.1,48.9,
Ahmed, Nick,605113,2020,21.2,69.3,20.7,30.1,40.7,59.3,81.4,78.6,48.2,
Bell, Josh,605137,2020,26.5,72.3,25.5,26.9,49.3,50.7,78.4,74.5,45.9,
Arcia, Orlando,606115,2020,16.9,67.6,19.1,28.1,31.7,68.3,81,80,46.8,
Hernandez, Teoscar,606192,2020,30.4,62.9,27.7,30.9,48.5,51.5,64.9,72.3,46.4,
Marte, Ketel,606466,2020,10.8,61.6,9.2,28,25,75,65.9,90.8,45,
Gallo, Joey,608336,2020,35.0,66.9,29.6,19.1,66.3,33.7,78.5,70.1,43.6,
Anderson, Tim,641313,2020,22.6,72.8,23.2,39.4,43.6,56.4,75.8,76.8,55.2,
Dozier, Hunter,641531,2020,25.8,64.1,14.1,24.4,65.7,34.3,77.6,85.9,41.9,
Lewis, Kyle,641786,2020,29.3,64.1,26.7,24.6,58.6,41.4,79.2,73.3,43.2,
McMahon, Ryan,641857,2020,34.2,67.7,22.3,27.2,53.9,44.3,88.7,77.4,47.3,
Smith, Dominic,642086,2020,22.6,71.9,19.2,33.5,39.4,60.6,85.1,80.8,51.9,
Adames, Willy,642715,2020,36.1,69.3,31.2,26.2,56,44,81.8,68.8,46.2,
Kiner-Falefa, Isiah,643396,2020,14.0,65.5,9.5,27.4,32.7,67.3,72.5,90.5,47.4,
Devers, Rafael,646240,2020,27.0,74.3,26.9,38.6,39.2,60.3,76.2,72.2,55,
Verdugo, Alex,657077,2020,20.4,57.8,12.7,27.8,31.3,68,68.8,87.3,42.8,
Moncada, Yoan,660162,2020,31.2,63.2,19,27.3,51.3,48.7,72.1,79.5,43.1,
Grisham, Trent,663757,2020,25.4,58,19.2,18,40.9,58.1,69.4,79.9,38.3,
Soto, Juan,665742,2020,14.3,61.5,15.4,15.7,40.3,59.7,74.1,84.1,36.2,
Cruz Jr., Nelson,443558,2020,27.1,68.3,22,30.8,56.3,43.8,75.9,78,47.6,
Blackmon, Charlie,453568,2020,17.8,70.3,15.2,29.7,42.9,57.1,78.5,83.9,50.2,
Solano, Donovan,456781,2020,19.2,68.5,13.3,36.2,37.4,62.6,78.3,86.7,51.9,
McCutchen, Andrew,457705,2020,19.9,58.8,16.4,21.4,38.2,61.8,65.9,83.6,40.6,
Marte, Starling,516782,2020,16.4,73.2,14.9,34.8,44,53.7,83.1,84.2,52.7,
Rizzo, Anthony,519203,2020,15.6,56,9.8,31.7,32.9,67.1,64.8,89.4,42.5,
Hicks, Aaron,543305,2020,18.0,66.4,22.6,15.4,48,52,82,77.4,39.4,
Rendon, Anthony,543685,2020,13.4,66.9,8.8,16.5,36.4,63.6,75.8,91.2,40.5,
Ruiz, Rio,547004,2020,22.5,77.4,19.7,28.3,47,53,84.8,80.3,52,
Arenado, Nolan,571448,2020,10.0,66.2,9.5,32.4,32.8,67.2,72.1,90.5,48.1,
Seager, Kyle,572122,2020,13.3,62.5,13.1,20.6,40,60,73.4,86.9,40.3,
Walker, Christian,572233,2020,20.6,74.3,17.9,29.9,49.3,50.7,85.2,82.1,51.8,
Canha, Mark,592192,2020,22.2,57.6,18.4,19.3,40,60,67.2,81.6,38,
Alberto, Hanser,593643,2020,13.0,75.7,11.1,52.3,23.5,74.7,77.1,87,62.9,
Franco, Maikel,596748,2020,15.6,71.4,15.7,32.8,40.1,59.9,78.6,84.3,49.9,
Bradley Jr., Jackie,598265,2020,22.1,67.4,22.4,23.8,35.6,62.4,87.3,77.3,45.3,
Turner, Trea,607208,2020,13.9,67.6,13.5,27.2,34,66,80.4,86.5,46.9,
Ramirez, Jose,608070,2020,16.9,63.2,13.1,22.6,25.2,74.8,75,86.9,41.4,
Seager, Corey,608369,2020,15.9,82.2,14.2,30.3,56,44,97.7,85.8,55.6,
Swanson, Dansby,621020,2020,26.9,71,26.1,23.9,47.7,52.3,81.9,73.9,47.2,
Cronenworth, Jake,630105,2020,15.6,58.1,10.3,19,38.8,61.2,73.1,89.7,39.8,
Robles, Victor,645302,2020,28.0,73.1,20.7,29.1,42.1,56.1,80.5,76.7,50.3,
Jimenez, Eloy,650391,2020,24.8,75.4,22.5,37.9,39.8,60.2,86.5,77.5,54.4,
White, Evan,657108,2020,41.6,63.2,28.9,24.3,62,38,68.9,71.1,43.8,
Laureano, Ramon,657656,2020,26.1,57.4,15.3,23.3,48.6,51.4,61,84.7,40.2,
Riley, Austin,663586,2020,23.8,77.9,20.8,32.3,50.8,49.2,90.3,79.2,54.2,
Lowe, Brandon,664040,2020,25.9,72.5,28,21.2,62.4,36.6,83.8,72,46.9,
Reynolds, Bryan,668804,2020,27.4,70,15.8,27.7,52.7,47.3,82.3,83.9,46.8,
Edman, Tommy,669242,2020,21.1,61,11.2,25.6,36.2,63.8,63.6,88,42.7,
Solak, Nick,669256,2020,18.0,64.1,9.6,24.2,43.6,56.4,63.9,90.4,43.8,
Cabrera, Miguel,408234,2020,22.1,70.5,18.4,29.9,55.9,44.1,75.6,81.6,47.7,
Longoria, Evan,446334,2020,18.7,62.4,12.2,27.8,40.5,59.5,69.7,87.8,45,
Martinez, J.D.,502110,2020,24.9,73.7,20.3,30.9,46.1,53.9,83.8,79.7,51.9,
Goldschmidt, Paul,502671,2020,18.6,61.1,19.6,22.5,33.3,66.7,78.8,80.4,40.6,
Altuve, Jose,514888,2020,18.6,67.9,12.4,35.3,32.4,66.9,81.5,86.7,50,
Garcia, Avisail,541645,2020,23.7,78.5,23.9,34.5,55.1,44.9,81,76.1,54.6,
Ozuna, Marcell,542303,2020,22.5,68.7,21,28.2,51.8,48.2,73.8,79,46.3,
Grossman, Robbie,543257,2020,19.8,65.9,12.8,21.7,34.9,65.1,87,87.2,43.4,
Springer III, George,543807,2020,17.1,74,19.3,23.6,42.6,57.4,88.9,80.3,47.7,
Gregorius, Didi,544369,2020,11.8,74,13.2,33.2,31.3,66,71.6,86.5,53.5,
Trout, Mike,545361,2020,23.2,57.4,13.8,14.4,43.7,56.3,72.6,86.2,36.7,
Abreu, Jose,547989,2020,22.5,68.6,19.7,32.2,48.1,51.9,63,80.3,48.5,
Gonzalez, Erik,570481,2020,26.4,74,19.1,35.1,56.1,43.9,75,80.9,53.4,
Voit III, Luke,572228,2020,23.1,79.2,19.2,27.5,49.6,50.4,88.1,80.8,52.1,
Contreras, Willson,575929,2020,25.3,67.8,21.3,31.3,55.7,43.6,73.8,78.4,47.9,
Machado, Manny,592518,2020,14.6,71.8,14.7,24,40.7,59.3,82.1,85.3,46.7,
Bogaerts, Xander,593428,2020,18.2,64.3,17.4,23.7,37.6,62.4,73.1,82.6,43.6,
Profar, Jurickson,595777,2020,13.9,66.5,14.3,28.5,32.8,67.2,75.4,84.9,47.1,
Kepler, Max,596146,2020,18.4,66.7,11.2,24.1,47.4,52.6,84.7,88.8,44.8,
Candelario, Jeimer,600869,2020,23.8,67.8,16.6,26.2,51.2,47.9,87.2,83,45,
Betts, Mookie,605141,2020,15.4,58,6.7,23.2,31.5,68.5,65.8,93.3,40.5,
Tapia, Raimel,606132,2020,18.4,71.3,12.5,30.7,33.3,65,76.7,86.8,51.1,
Pillar, Kevin,607680,2020,18.4,67.2,15.6,36.8,42.9,57.1,89.8,84.4,51.9,
Mondesi, Adalberto,609275,2020,30.0,77.4,31.5,35,55.6,43.1,81.5,67.2,54.5,
Correa, Carlos,621043,2020,22.2,65.7,14.4,31.7,41.1,58.9,78.1,85.6,47.1,
Olson, Matt,621566,2020,31.4,67.6,29.3,19.9,51.9,48.1,82.5,70.1,42.7,
Reyes, Victor,622682,2020,21.1,69,18.8,41.7,37.2,62.8,70.2,80.9,54.2,
Biggio, Cavan,624415,2020,23.0,59.5,18,13.7,44.2,54.5,71.7,81.3,36.3,
Conforto, Michael,624424,2020,24.5,64.8,16.6,25.3,48,52,77.8,83.4,44.2,
Bellinger, Cody,641355,2020,17.3,68.1,19.6,27.9,31.9,68.1,77.5,80.4,47.6,
Tucker, Kyle,663656,2020,20.2,77.3,17.4,26.3,36.1,63.9,91,82.6,50.5,
Happ, Ian,664023,2020,27.3,64.4,24.1,24.2,63.9,36.1,74,75.9,43.5,
Tatis Jr., Fernando,665487,2020,23.7,71.8,23.8,26.1,37.9,60,80,76.2,47,
Guerrero Jr., Vladimir,665489,2020,15.6,74,17.4,24.6,44.1,55.9,87.1,82.6,47.9,
Pujols, Albert,405395,2019,12.5,59.7,11.1,30.7,30.2,69.8,67.4,88.9,44.5,
Cabrera, Miguel,408234,2019,19.7,67.9,14.7,33.9,41,59,75.5,85.3,49.6,
Choo, Shin-Soo,425783,2019,25.0,64.8,20.7,20.3,55.1,43.8,77,78.1,42.4,
Jones, Adam,430945,2019,19.1,72.4,14.9,39.2,45.7,54.1,74.4,84,54.6,
Cruz Jr., Nelson,443558,2019,25.1,69.8,21.8,27.3,54.5,45.5,83,78.2,46.2,
Longoria, Evan,446334,2019,22.0,64.6,21.2,30.1,35,65,77.2,78.8,46.8,
Fowler, Dexter,451594,2019,24.7,66.7,21.1,23.4,41.5,56.9,79.1,78.5,42.9,
Cabrera, Asdrubal,452678,2019,20.0,66.4,16.2,25.2,32,68,72.1,83.2,45.5,
Blackmon, Charlie,453568,2019,16.4,70.4,13.7,30.5,32.2,66.9,76.7,86,49.9,
Cain, Lorenzo,456715,2019,17.0,65.3,9.9,25.2,41.4,58.3,72.1,90.1,44.7,
Turner, Justin,457759,2019,16.0,66.6,13,24.5,27.8,72.2,80.6,86.8,45.5,
Votto, Joey,458015,2019,20.2,65.5,13.7,18.5,37.1,62.9,79.5,86.2,41.5,
Gardner, Brett,458731,2019,19.6,55.5,11.2,22.5,39,59.1,64.2,88.3,38.7,
Braun, Ryan,460075,2019,20.7,72.1,13.1,34.6,43.6,56.1,85.4,86.8,51.6,
Gordon, Alex,460086,2019,15.8,70.9,14.3,26.8,40.7,58.6,81.9,85.3,48.1,
Andrus, Elvis,462101,2019,14.8,61.1,9.5,32.6,37.1,62.9,65.6,90.2,46.4,
Ramos, Wilson,467092,2019,13.2,74.9,13.8,34.1,34.4,65.6,81.5,86.2,53.9,
Santana, Carlos,467793,2019,15.7,63.7,15.4,17.9,35.2,64,76,84.5,39.5,
Belt, Brandon,474832,2019,20.6,75,15.6,22.7,41.9,57.5,89.4,83.8,46.3,
Brantley Jr., Michael,488726,2019,10.4,61,5.4,26,23.9,76.1,69.2,94.3,43.8,
Gurriel, Yuli,493329,2019,10.6,66.7,9.5,34.3,24.5,75.2,74.8,90.5,49.7,
Rojas, Miguel,500743,2019,11.8,64.4,10,29.8,30.7,69.3,66.5,89.6,47.1,
Escobar, Eduardo,500871,2019,18.6,71.4,17.8,37.8,35.1,64.7,75.6,82.1,52.6,
Davis, Khris,501981,2019,27.4,79.6,26.6,27.5,57.4,42.6,93.8,73.4,51.8,
Pham, Tommy,502054,2019,18.8,61.6,12.7,16.4,47,53,71,87.3,38.4,
Martinez, J.D.,502110,2019,21.0,72.5,16.4,29.8,48.3,51.7,89.7,83.6,49.5,
Reddick, Josh,502210,2019,12.0,74.2,9.2,30,27.5,71.1,80.3,90.4,51.3,
Goldschmidt, Paul,502671,2019,24.3,66.6,22.3,28.4,35,65,70.2,77.7,46.5,
Altuve, Jose,514888,2019,15.0,67.9,15.2,30.6,30.8,67.3,69.9,83.1,47.6,
Hernandez, Cesar,514917,2019,15.0,64.5,10.9,27.7,31.1,66.9,71.2,88.5,46,
Segura, Jean,516416,2019,11.8,60.8,7.7,35.7,24.8,74.2,65.6,91.4,47.5,
Castro, Starlin,516770,2019,16.4,67.4,12.1,31.4,33.9,66.1,79.9,87.9,49.2,
Marte, Starling,516782,2019,16.0,76.9,17,33.5,40.7,58.8,84.2,81.9,53.7,
Donaldson, Josh,518626,2019,23.5,68.9,25.8,23.1,39.9,60.1,82.8,73.9,43.9,
Freeman, Freddie,518692,2019,18.4,80.6,19.6,29.3,34.4,65.4,87.3,80,52.1,
Grandal, Yasmani,518735,2019,22.0,58.8,16.9,21.4,45.1,54.5,72.9,82.8,38.5,
Heyward, Jason,518792,2019,18.7,66.3,16.2,27.6,35.2,64.8,73.9,83.5,45.5,
LeMahieu, DJ,518934,2019,13.7,64.3,10.6,27.1,28.4,71.6,69.6,89.4,45.6,
Moustakas, Mike,519058,2019,16.8,72,17.7,31.5,38.2,61.3,80.3,82,49.9,
Rizzo, Anthony,519203,2019,14.0,63.6,13.6,32,28.8,70.7,72,86.1,45.7,
Galvis, Freddy,520471,2019,24.6,72.6,21,38.1,41.1,58.4,78,77.8,54.5,
Garcia, Avisail,541645,2019,23.6,81.3,20.8,36,52.7,47.3,85.8,79.2,56.4,
Ozuna, Marcell,542303,2019,20.8,68.1,16.7,27.6,47.9,52.1,78.6,83.3,44.9,
Villar, Jonathan,542340,2019,24.6,74.2,21,28.1,41.8,56.5,81.9,77.7,49.8,
Santana, Danny,542454,2019,29.5,74.2,23.7,38.5,47.3,52.5,74.8,75.7,55.8,
Crawford, Brandon,543063,2019,20.9,77.1,21.5,28.3,44.8,55.2,86.6,78.4,51.3,
Hosmer, Eric,543333,2019,24.4,71.7,17.8,32.9,47.9,51.7,75.9,82.2,50,
Kipnis, Jason,543401,2019,17.2,65.8,11.5,26.7,42,57.2,73.9,87.9,46.3,
Rendon, Anthony,543685,2019,13.3,68.1,8.1,20.7,27,73,78.6,91.9,43.1,
Semien, Marcus,543760,2019,13.7,66.5,12.3,19.2,38.7,61.3,78.4,87.5,42.2,
Springer III, George,543807,2019,20.3,69,20.1,20.9,47.1,52.9,87.7,79.9,44,
Vazquez, Christian,543877,2019,19.4,68.2,14.9,32.5,32.3,67.7,71.3,85.1,49.9,
Wong, Kolten,543939,2019,15.1,67.7,11.3,29.8,33.3,65,73.4,87.5,48,
Garcia, Leury,544725,2019,22.5,72.7,16.6,36.1,40.1,58.7,76.4,82.5,54.4,
Grichuk, Randal,545341,2019,26.0,69.4,16.7,33.3,48.9,51.1,85,83.3,50.2,
Trout, Mike,545361,2019,20.0,57.8,13.3,17.8,36.1,63.9,77.7,86.7,36.8,
Harper, Bryce,547180,2019,26.1,74.1,23.9,30.4,51.1,47.7,88.7,75.4,48.7,
Abreu, Jose,547989,2019,21.9,66.5,14.7,34.7,43.1,56.9,70.5,85.3,49.5,
Suarez, Eugenio,553993,2019,28.5,67.1,19.5,24,53,47,76.6,80.5,44.4,
Santana, Domingo,570267,2019,32.3,69.3,24,24.9,53.6,46.4,86.1,76,46.8,
Sanchez, Yolmer,570560,2019,21.1,67.2,16.3,31.4,35.3,63.1,76.4,82.4,48.8,
Arenado, Nolan,571448,2019,14.0,73.1,12,34.8,35.3,64.7,78.2,88,51.4,
Muncy, Max,571970,2019,25.3,62.9,22.8,19.7,46,53.6,76.1,76.7,40.1,
Voit III, Luke,572228,2019,27.8,77,25.7,22.4,62.7,37.3,90.9,74.3,47.3,
Walker, Christian,572233,2019,25.7,74.9,22,24,48.7,51.3,85.9,78,48.7,
Iglesias, Jose,578428,2019,13.2,67.1,10,45.9,22.4,77.2,65.6,90,55.5,
Bryant, Kris,592178,2019,22.9,73.7,20.8,27.4,45.2,54.5,80.6,79.2,48.5,
Castellanos, Nick,592206,2019,21.5,74.8,14.1,38.5,47.3,52.7,85.5,85.9,54.7,
Machado, Manny,592518,2019,19.4,69,14.8,28.5,42.6,57.1,80,85.2,46.7,
Moran, Colin,592567,2019,23.3,75.4,16,35.8,39.5,60.2,86.9,83.9,53.7,
Pederson, Joc,592626,2019,21.6,68.5,17.6,26.5,38.9,60.1,77.2,82,46.1,
Realmuto, J.T.,592663,2019,20.7,70.5,16.6,32.6,38.1,61.9,74.5,83.4,50.7,
Rosario, Eddie,592696,2019,14.6,81,15.8,43.2,29.1,70.5,86.1,84,59.3,
Yelich, Christian,592885,2019,20.3,69.8,16,27.9,49.6,50.4,81.3,83.8,45.2,
Merrifield, Whit,593160,2019,17.1,68.1,14.1,30.9,32.6,66.2,68.9,85.6,49.3,
Bogaerts, Xander,593428,2019,17.5,56.2,13.8,27.4,34,66,66.4,86.2,41.1,
Alberto, Hanser,593643,2019,9.1,74.5,8.1,45.3,23.5,75.3,77.4,90.5,59.1,
Polanco, Jorge,593871,2019,16.5,65.9,10.4,26.6,32,68,73.2,88.7,44.9,
Calhoun, Kole,594777,2019,25.6,73.6,22.4,25.8,56.9,43.1,84.1,77.3,48.2,
Eaton, Adam,594809,2019,16.2,63.7,10.8,27.4,30.5,65.5,71.5,86.2,44.6,
Profar, Jurickson,595777,2019,14.5,65.6,12.7,26.1,37.3,62.7,79.7,87.3,45.2,
Baez, Javier,595879,2019,27.8,73.5,24.7,42.6,48.7,50.5,76.5,74.8,55.5,
Lindor, Francisco,596019,2019,15.0,72.3,10.3,32.1,30.4,68.8,77.2,89.5,51.4,
Odor, Rougned,596059,2019,30.6,67.5,19.9,30,48,51,78,79,47.9,
Story, Trevor,596115,2019,26.5,70.4,17.4,28.5,45.9,54.1,81.8,82.3,48.1,
Vogelbach, Daniel,596129,2019,26.7,50.9,21.2,19.6,39.5,60.5,54.9,78.8,34,
Kepler, Max,596146,2019,16.6,74,10.6,27.6,42.7,57.3,84.6,89.2,49.4,
Bradley Jr., Jackie,598265,2019,27.3,69.1,26.1,28.2,48.6,50.8,74.2,73.6,48.1,
Nunez, Renato,600524,2019,23.9,68.1,17.2,34.4,43.8,56.2,72.2,82.8,49.5,
Ahmed, Nick,605113,2019,18.1,72.3,13.9,27.9,39.3,60.4,85.6,85.6,49.5,
Anderson, Brian,605119,2019,21.9,65.1,16.3,32,47.5,52.5,75.2,83.7,47.5,
Bell, Josh,605137,2019,19.2,77,19.8,27.5,37,63,87.3,80.2,48.1,
Betts, Mookie,605141,2019,14.3,59.8,8,18.8,34.3,65.7,65.9,92,38.3,
Smith, Mallex,605480,2019,24.9,70,22.5,27,42.1,53.9,76,75.5,48.6,
Arcia, Orlando,606115,2019,20.0,65.5,17.9,30.3,38.4,61.6,76.2,81.5,47.7,
Marte, Ketel,606466,2019,13.7,70.7,11.3,28.6,30.7,68.5,77.9,88.3,47.8,
Turner, Trea,607208,2019,19.9,67.4,12.5,29.1,45,54.7,71.2,87.2,46.8,
Pillar, Kevin,607680,2019,13.8,73.5,9,46.9,29,71,79.2,90.3,58.9,
Ramirez, Jose,608070,2019,13.7,64.2,8.9,23.1,27.8,71.5,80.6,90.8,42.5,
Bregman, Alex,608324,2019,12.0,57.4,10,15.8,28.2,71.8,67.6,90,35.1,
Seager, Corey,608369,2019,18.1,77.7,17.2,26.8,48.5,51.5,88.6,82.8,51.1,
Reyes, Franmil,614177,2019,28.5,76.7,26.9,30.2,57.2,42.8,85.5,73.1,51.5,
Swanson, Dansby,621020,2019,22.8,68.5,20.6,24.8,45.3,54.4,75.9,79.4,45.9,
Newman, Kevin,621028,2019,11.7,70,7.3,33.8,25.9,73.8,78,91.9,51,
Olson, Matt,621566,2019,25.2,67,26.4,24.9,33,66.7,74.1,73,45.4,
Alonso, Pete,624413,2019,26.4,67.3,19.1,32,41.7,58.3,71.8,80.9,46.6,
Conforto, Michael,624424,2019,23.0,70.8,21.1,25,40.5,59.3,85.4,78.8,45.8,
Frazier, Adam,624428,2019,12.3,69.7,11.1,27.1,27.2,72.5,80.5,88.7,48.1,
Puig, Yasiel,624577,2019,21.8,77.1,20.6,30.1,46.4,53.6,86.8,79.4,52.6,
Soler, Jorge,624585,2019,26.2,68.1,20.7,24.2,60.2,39.8,82.5,79.2,44.1,
Meadows, Austin,640457,2019,22.2,60.8,15.3,24.7,42.3,57.7,68.3,84.7,42.2,
Anderson, Tim,641313,2019,21.0,75.5,12.3,43.6,43.2,56.8,81.4,87.6,58.6,
Bellinger, Cody,641355,2019,16.3,68.8,19.9,23.7,32.8,66.9,81.1,79.8,44.6,
Dozier, Hunter,641531,2019,25.3,64.6,13.2,26.8,56.7,43.3,74,86.8,44.7,
Mancini III, Trey,641820,2019,21.1,67.4,20.3,32,38.7,61.3,74,79.7,48.1,
McMahon, Ryan,641857,2019,29.7,74.6,26.6,26.5,47.7,52.3,88.3,73.3,49.6,
Rosario, Amed,642708,2019,18.9,69.8,14.2,36.1,41.2,58.6,73.2,85.1,52,
Adames, Willy,642715,2019,26.2,69.2,18.3,24.7,52.1,47.9,80,81.4,47,
Benintendi, Andrew,643217,2019,22.8,77.3,20.8,29.5,34.9,64.9,86.5,78.7,51.4,
McNeil, Jeff,643446,2019,13.2,84.1,13.8,38,32.2,67.8,93.7,85.7,60.1,
Albies, Ozzie,645277,2019,16.0,80.7,16.3,34.4,36.1,63.4,90,83.6,55.6,
Robles, Victor,645302,2019,22.7,71,14.1,30.1,42.5,54.1,82.6,84.5,49.9,
Devers, Rafael,646240,2019,17.0,75.7,20,37.3,31.6,68.2,86.2,79.8,55,
Jimenez, Eloy,650391,2019,26.6,71.2,22.6,33.8,49,51,76.5,77.4,49.9,
Torres, Gleyber,650402,2019,21.4,75.6,19.9,31.3,45.1,54.9,84.9,80.1,51.8,
Chapman, Matt,656305,2019,21.9,62.3,19.1,22.7,36.4,63.6,76.2,80.9,42,
Hoskins, Rhys,656555,2019,24.5,58.2,16.9,22.1,38.1,61.9,70.4,83.1,39.2,
Schwarber, Kyle,656941,2019,25.6,65.5,21.8,23.9,42.9,56.1,76.2,77.7,43.3,
DeJong, Paul,657557,2019,22.4,69.4,16,28.1,45.7,54.3,79.9,84,48.8,
Moncada, Yoan,660162,2019,27.5,67,20.4,29.1,53.6,46.4,74.5,79.1,47.5,
Acuna Jr., Ronald,660670,2019,26.3,68.6,22.9,24,40.5,59.5,87.3,76.8,45.5,
Fletcher, David,664058,2019,9.8,49,5.5,22.4,19.9,80.1,56.7,94.2,36.3,
Guerrero Jr., Vladimir,665489,2019,17.7,69.1,15.8,28.9,41.2,58.8,85.7,84.2,46.8,
Soto, Juan,665742,2019,20.0,66.7,16,20.3,44.6,55.4,79.9,83.9,40.8,
Reynolds, Bryan,668804,2019,22.2,72.1,15.8,28,48.2,51.8,83.7,84.2,48,
Martinez, Victor,400121,2018,9.6,68.4,9.3,32,23.8,75.9,82.3,90.7,49.2,
Mauer, Joe,408045,2018,15.8,49.7,8.4,19.3,35.1,64.9,56,91.4,35.3,
Choo, Shin-Soo,425783,2018,23.5,61.1,20.8,21.9,41.9,57.2,65.6,78.3,40.9,
Molina, Yadier,425877,2018,13.1,70.6,13.3,35.3,25,75,74,86.4,52.7,
Encarnacion, Edwin,429665,2018,22.8,66.3,19,24.7,43.8,56.2,79,81,44.6,
Jones, Adam,430945,2018,15.2,72.8,13,39.6,41,58.5,78,86.5,55.1,
Kinsler, Ian,435079,2018,12.0,66.3,7.5,24.4,25.4,74.6,79.4,92.2,45.5,
Desmond, Ian,435622,2018,23.6,69.9,20.7,27.2,49.2,50.5,82.3,78.9,48.3,
Cruz Jr., Nelson,443558,2018,20.6,68.7,18,28.3,55.4,44.6,76.6,82,46.5,
Peralta, David,444482,2018,20.2,67.1,17.3,28.5,39.3,60.7,76.8,82.7,48,
Escobar, Alcides,444876,2018,13.9,72.1,14.3,32.5,33.2,63.2,79.4,84.5,52.4,
Jay, Jon,445055,2018,16.2,65.3,11,33,37.2,62.3,72.1,88.2,49.1,
Longoria, Evan,446334,2018,19.7,67.1,15.5,29,32.8,67.2,74.6,84.4,48.6,
Davis, Chris,448801,2018,36.8,62.9,26.7,28.1,51,48.7,71.8,73.3,45.1,
Zobrist, Ben,450314,2018,11.5,60.4,9.6,21.9,27,72.5,71.3,89.8,41.1,
Cabrera, Asdrubal,452678,2018,20.1,71,17.2,29.1,34.8,64.3,84.6,82.7,49.1,
Blackmon, Charlie,453568,2018,19.3,65.9,12.7,29.2,37.4,62.4,66.8,86.6,47.7,
Markakis, Nick,455976,2018,11.3,60.6,7.4,20,23.7,76.3,73.1,92.6,40.4,
Nunez, Eduardo,456488,2018,13.7,72.8,9.2,36.4,27.8,71.9,84,90.5,53.8,
Cain, Lorenzo,456715,2018,15.2,63.9,11.9,21,35.5,64.5,75.7,88.1,42.3,
McCutchen, Andrew,457705,2018,21.3,62.1,18.7,15.9,38.7,61.3,75.7,81.3,39.8,
Upton, Justin,457708,2018,28.7,64.8,25.2,20.9,50.4,49.6,73.3,74.8,42.6,
Votto, Joey,458015,2018,16.2,66.9,16.4,12.9,25.2,74.8,83.8,83.6,39.7,
Gardner, Brett,458731,2018,17.6,52.9,8.5,20.9,25.4,72.5,54.8,91.3,36.3,
Gordon, Alex,460086,2018,21.8,65.6,14.7,28.2,44.1,54.9,76,84.9,46.5,
Kemp, Matt,461314,2018,22.7,72.9,22.9,31.4,44,56,79.2,77.1,50.7,
Santana, Carlos,467793,2018,13.7,64,15.3,20.9,30.1,69.2,75.3,84.4,41.4,
Gonzalez, Carlos,471865,2018,22.4,72.8,20.7,32.2,45.1,54.3,80.1,79.3,50.3,
Alonso, Yonder,475174,2018,21.4,73,17.8,30.5,41.9,58.1,85.4,82.2,50.4,
Smoak, Justin,475253,2018,26.3,61.5,17.3,22.5,44.1,55.5,78.7,82.7,40.3,
Lowrie, Jed,476704,2018,18.8,70.5,15.4,21.4,36.1,63.6,87.5,84.5,45.9,
Brantley Jr., Michael,488726,2018,9.5,65.3,4.8,23.7,28.3,71,70.7,95.2,44.2,
Gurriel, Yuli,493329,2018,11.0,68.6,9.3,34.6,26.5,73.2,75.8,90.7,50.3,
Solarte, Yangervis,500208,2018,14.2,76.3,9.8,37.7,28.8,71.2,83.8,90.2,54.2,
Rojas, Miguel,500743,2018,13.1,65.5,6.6,32.2,33.7,66.3,71.1,92.3,49,
Escobar, Eduardo,500871,2018,20.0,72.4,15.8,35.3,39.1,60.4,80.2,84.1,53,
Martinez, Jose,500874,2018,17.6,63.6,14.4,26,36.3,63.7,74.1,85.6,43.6,
Davis, Khris,501981,2018,26.8,76,25.3,23,61.2,38.8,88.8,74.7,49.3,
Pham, Tommy,502054,2018,24.6,59.8,15.6,19,57.7,41.8,71.5,84.2,39.8,
Martinez, J.D.,502110,2018,22.5,74.6,20.8,29.3,44.6,55.4,88,79.2,50.3,
Goldschmidt, Paul,502671,2018,25.1,62,20.5,26,38.4,61.6,68.8,79.4,42.4,
Gonzalez, Marwin,503556,2018,22.8,61.4,16,29.8,39,58.7,67.4,82.6,44.4,
Altuve, Jose,514888,2018,13.2,67.9,11.7,30.2,29.5,69.9,76,88.2,47.4,
Hernandez, Cesar,514917,2018,21.9,58.6,13.4,17.9,41.8,56.7,65.7,85,38.2,
Segura, Jean,516416,2018,10.9,66.5,6.1,31.9,25.7,73.2,76.5,92,49,
Castro, Starlin,516770,2018,19.2,65,14.2,27.4,42.8,57.2,71.7,85.8,46,
Marte, Starling,516782,2018,18.0,75.7,15.5,34.2,41.9,55.6,84.6,83.4,54.5,
Dietrich, Derek,518618,2018,25.4,70.6,17.6,31.8,41.6,58.1,81.1,82.3,50.5,
Freeman, Freddie,518692,2018,18.7,82.9,18.9,31,37.3,62.7,91.8,81.1,55.6,
Grandal, Yasmani,518735,2018,23.9,57.8,20.2,19.8,47,53,67.1,79.6,38.5,
LeMahieu, DJ,518934,2018,14.1,59.5,6.8,23.2,33.6,66.4,64.7,92.6,41.9,
Moustakas, Mike,519058,2018,16.2,72.5,13.7,34.2,37.2,62.1,83.3,86.3,52.2,
Rizzo, Anthony,519203,2018,12.0,68.1,10.2,29.6,30.6,68.6,73.2,89.3,47.7,
Stanton, Giancarlo,519317,2018,29.9,66.4,23.4,28.6,53.6,46.4,72.8,76.6,44.9,
Galvis, Freddy,520471,2018,22.4,67.9,20,35,37.7,61.9,72.9,79.4,50.3,
Perez, Salvador,521692,2018,19.9,73,12.3,44.2,38.3,61.7,75.4,87.7,57,
Inciarte, Ender,542255,2018,13.0,70,9.8,31,24.8,72,77.5,88.5,50.3,
Ozuna, Marcell,542303,2018,17.5,72.3,15.9,27.8,43.6,56.4,83.5,84,48.5,
Villar, Jonathan,542340,2018,26.8,72.2,24.1,27.7,41.6,55.9,81.9,75,48.9,
Aguilar, Jesus,542583,2018,25.3,59.6,19.4,33.9,42,58,67.5,80.6,45.5,
Crawford, Brandon,543063,2018,20.5,75.8,22.5,29.6,45.7,54.3,88.4,77.5,52.1,
Cron, C.J.,543068,2018,25.9,69.7,21.2,34.8,42.5,57.5,77.6,78.8,50.8,
Hicks, Aaron,543305,2018,19.1,65.1,19.8,18.3,33.3,65,80,79.5,40,
Hosmer, Eric,543333,2018,21.0,70.8,17.9,29.2,48.1,51.9,84.4,81.9,48.5,
Kipnis, Jason,543401,2018,18.6,61.4,13.6,25.8,36.9,62.5,69.2,85.8,43,
Rendon, Anthony,543685,2018,13.7,69.5,9.8,23.8,27.1,72.9,79.4,90.2,47.7,
Semien, Marcus,543760,2018,18.6,64.4,13.7,23.6,38.4,61.3,75.7,86.3,43.8,
Shaw, Travis,543768,2018,18.4,67.1,14.2,25.2,34.3,64.8,79.9,85,44.7,
Springer III, George,543807,2018,19.7,67,19.2,21.7,41,58.7,88.8,80.8,44.3,
Strange-Gordon, Dee,543829,2018,13.6,69.1,7.9,39.6,29.2,68.4,78.7,89.3,55.1,
Gregorius, Didi,544369,2018,12.1,74.6,12.5,33.2,32.2,66.8,76.7,87.3,51.7,
Trout, Mike,545361,2018,20.4,57.8,10.5,18,43.8,56.2,71.1,89.3,37.6,
Herrera, Odubel,546318,2018,20.4,69.2,17.2,38.2,43.3,55.6,73.1,81.3,52.4,
Harper, Bryce,547180,2018,24.3,74.6,24.4,25.2,45.8,52.8,86.6,75,45.7,
Abreu, Jose,547989,2018,19.7,64.9,15.9,34.9,39,61,72.4,84.1,49,
Suarez, Eugenio,553993,2018,23.4,68.2,15.8,21.8,56,44,81.6,84.2,44.7,
Polanco, Gregory,570256,2018,21.9,69.9,16.9,24.5,41,58.4,78.6,82.6,45.3,
Sanchez, Yolmer,570560,2018,20.8,64.7,15,31.3,34.7,64.6,75.3,84,47.9,
Arenado, Nolan,571448,2018,18.1,72.5,18.8,30.2,36.8,63.2,80.5,81.2,49.8,
Barnhart, Tucker,571466,2018,18.4,69.2,13.6,24.6,36.8,61.7,76.7,86.1,45.7,
Gennett, Scooter,571697,2018,19.6,73.9,14.2,36.3,30.5,67.9,82.7,84.9,53.6,
Hamilton, Billy,571740,2018,23.7,68.4,18.8,26.8,36.3,61.9,83,79,48.6,
Haniger, Mitch,571745,2018,21.7,61.2,17,22.5,40.7,59.3,67.7,82.9,41.8,
Piscotty, Stephen,572039,2018,18.8,72.6,15.7,34.2,45.6,54.4,79.9,84.1,53.3,
Seager, Kyle,572122,2018,21.9,68.1,14.4,27.4,40.9,58.9,82.5,85.3,47.2,
Carpenter, Matt,572761,2018,23.3,57.9,14.8,18.6,51.1,48.2,74.9,83.9,37.5,
Dickerson, Corey,572816,2018,15.0,79,18.2,41.8,28.5,71.3,83.2,81.8,59.4,
Dozier, Brian,572821,2018,20.4,57.5,16.9,23.4,34.9,64.2,60.4,82.7,39.8,
Contreras, Willson,575929,2018,22.2,69.2,21,31.2,42.8,57.2,82.8,78.3,49.7,
Castellanos, Nick,592206,2018,22.3,77,18.6,35.5,52.4,47.6,89.7,81.4,55.1,
Healy, Ryon,592387,2018,21.6,62.8,11.9,33.7,47.9,52.1,60,88.1,47.5,
Machado, Manny,592518,2018,14.7,72.5,14,28.6,40,60,85.8,85.7,48.9,
Realmuto, J.T.,592663,2018,19.6,66.8,14.9,26,43,57,74.8,85.1,47.1,
Rosario, Eddie,592696,2018,17.6,77.8,18.6,41.7,30.3,69.1,80.5,80.9,58,
Simmons, Andrelton,592743,2018,7.3,67,10.1,23.7,23.6,75.5,79.4,89.1,45.6,
Yelich, Christian,592885,2018,20.7,65.1,13.8,25.1,44.1,55.6,81.3,85.4,44.3,
Merrifield, Whit,593160,2018,16.1,67.5,14,29.2,29.8,69,75.7,85.7,47.9,
Bogaerts, Xander,593428,2018,17.6,60.6,12,26.6,40.6,59.4,70.8,88,43.2,
Calhoun, Kole,594777,2018,24.1,73.4,20.5,27,48.2,51.5,84.9,79.5,49.2,
Profar, Jurickson,595777,2018,14.8,68.3,14,30.1,28.3,71.7,77.5,85.5,48.6,
Baez, Javier,595879,2018,25.9,77.3,21.8,43.5,49.7,49.5,85.2,78.2,57.9,
Lindor, Francisco,596019,2018,14.4,67.8,11.6,29.8,27.8,72,68.9,87.7,47.1,
Odor, Rougned,596059,2018,23.7,65.3,14.9,33.2,36.9,61,70.4,83.3,48.5,
Story, Trevor,596115,2018,25.6,73.1,15.8,28.5,47.2,52.8,81.9,84.1,50.3,
Kepler, Max,596146,2018,15.7,65.1,9.3,20.9,42.7,57.3,70.1,90.1,42.7,
Bradley Jr., Jackie,598265,2018,25.6,70.1,25.8,23.3,46.1,53.5,80.4,73.5,47.3,
Candelario, Jeimer,600869,2018,25.8,61.3,18.3,25.6,41.7,58.3,66.7,81.7,42.6,
Ahmed, Nick,605113,2018,19.3,71.6,16.1,30,45.8,53.5,82.7,83.4,50.4,
Anderson, Brian,605119,2018,19.3,68.2,18.3,23.4,42.9,56.8,75.5,81.6,46.3,
Bell, Josh,605137,2018,17.8,68.5,18.2,23.1,38.8,61.2,78,81.6,43,
Betts, Mookie,605141,2018,14.8,56.6,10.1,16.1,33.3,66.7,61,89.9,35.6,
Smith, Mallex,605480,2018,18.0,72.8,19.6,26,41.1,57,78.8,79.1,49.6,
Hernandez, Teoscar,606192,2018,31.2,72.1,29.6,28.2,60,40,78.2,70.4,49.5,
Peraza, Jose,606299,2018,11.0,67,6.6,33.3,27.9,70,66.7,91.9,49.9,
Marte, Ketel,606466,2018,13.6,69.1,11.2,23.9,29.1,69.8,76.2,87.9,45.9,
Nimmo, Brandon,607043,2018,26.2,62.4,20.2,16.2,51.1,48.4,80.3,79.4,39.4,
Turner, Trea,607208,2018,17.8,64.8,13.9,23.1,38.3,60.8,73.5,85,44,
Pillar, Kevin,607680,2018,18.1,67.1,12.8,41.7,36.6,63.2,76.7,86.9,54,
Ramirez, Jose,608070,2018,11.5,60.7,10.2,19.8,23.2,76.1,73.7,89.7,38.6,
Bregman, Alex,608324,2018,12.1,57.7,8.2,18.2,26.6,73.4,67.3,91.7,37.1,
Gallo, Joey,608336,2018,35.9,73,31.4,29.4,58.7,40.6,88.4,67.9,48.6,
Mazara, Nomar,608577,2018,21.6,62.8,16.9,32.2,39.2,60.8,71.9,83.1,46.1,
Andujar, Miguel,609280,2018,16.0,72.1,11.1,36,35.2,64.8,73.9,88.9,53.1,
Swanson, Dansby,621020,2018,22.9,69.9,17,31.1,43.2,55.9,79.3,82.9,50.1,
Taylor, Chris,621035,2018,29.5,69.7,25.4,23.6,50.9,48,81.4,74.4,47.6,
Wendle, Joey,621563,2018,17.6,61.3,11.3,34,35,64.4,63.8,88.3,46.7,
Olson, Matt,621566,2018,24.7,69.2,23.6,21,39.7,60,81.1,75.7,44.4,
Duffy, Matt,622110,2018,16.6,67.7,9.4,25,39,61,74.7,89.9,46.5,
Margot, Manuel,622534,2018,17.0,65.5,15,24.9,37.7,60.5,78.8,83.7,46.6,
Camargo, Johan,622666,2018,20.6,70.1,20.9,32.1,37.1,62.6,75.2,79.1,49.5,
Conforto, Michael,624424,2018,24.9,64.4,20.2,24.2,46.1,53.9,74.6,79.8,43.2,
Anderson, Tim,641313,2018,24.6,73.2,17.8,35.9,47,53,71.2,81.9,54.1,
Bellinger, Cody,641355,2018,23.9,66.1,25.9,24.4,37.9,62.1,81.5,73.9,45.1,
Mancini III, Trey,641820,2018,24.1,67.9,21.1,31.6,41.8,58.3,83.4,78.9,49.5,
Rosario, Amed,642708,2018,20.1,69.8,18.4,37.9,40.3,58.4,69.5,80.9,54.3,
Benintendi, Andrew,643217,2018,16.0,70,16,24.3,27.7,71.3,85,83.9,46,
Albies, Ozzie,645277,2018,17.0,82.9,15.7,32.6,36.8,62.7,89.6,82.8,56.8,
Chapman, Matt,656305,2018,23.7,61.8,17.7,21.1,40.5,59.5,74.8,82.2,41.5,
Hoskins, Rhys,656555,2018,22.7,60.1,15.8,19.5,39.9,60.1,67.1,84.1,39.2,
Schwarber, Kyle,656941,2018,27.5,64.8,22.8,21.9,48.4,50.8,76.5,76.7,41.7,
Moncada, Yoan,660162,2018,33.4,62.7,22.7,20.4,55.8,43.8,82.3,76.7,41.2,
Beltran, Carlos,136860,2017,20.0,66.5,10.8,32.4,35,64.7,74.8,89.2,47.9,
Pujols, Albert,405395,2017,14.6,64.2,12.1,32,36,64,72.5,87.9,47.1,
Mauer, Joe,408045,2017,13.9,53.6,8.7,19.1,24.6,75,57.7,90.9,36.6,
Cabrera, Miguel,408234,2017,20.8,72.9,16,30.4,38,62,77.4,84,50.3,
Phillips, Brandon,408252,2017,12.1,75.7,12.9,39.2,31.7,68.1,74.5,86.9,56.3,
Reyes, Jose,408314,2017,14.1,62.8,12.1,29.5,28.5,71.2,69.3,87.4,45.2,
Choo, Shin-Soo,425783,2017,21.1,63.6,16.9,20.6,41.4,57.5,72.2,82.2,42.1,
Molina, Yadier,425877,2017,13.6,70.9,14.9,33.2,28.3,71.7,70.4,84.7,52.7,
Cano, Robinson,429664,2017,13.1,74.2,11.5,30.8,32.3,67.7,85.8,88.5,52,
Encarnacion, Edwin,429665,2017,19.9,67.8,19.5,20.9,42.3,57.4,74.4,80.5,43,
Bautista, Jose,430832,2017,24.8,62.9,21.7,22.7,43.9,56.1,68.8,78.2,41,
Jones, Adam,430945,2017,17.8,79.8,15.1,41.5,38.6,61.2,84.5,84.4,58.4,
Granderson, Curtis,434158,2017,23.3,58.5,12.9,19.7,36.9,62.7,65.3,86.6,38.4,
Ramirez, Hanley,434670,2017,21.0,71.4,16.7,28,45.2,54.8,83.1,83.3,48,
Morales, Kendrys,434778,2017,21.7,71.4,22.1,32.3,41,59,70.3,77.9,49.6,
Kinsler, Ian,435079,2017,14.0,64.1,10.5,25,28.7,70.7,74.9,89.4,44.5,
Cruz Jr., Nelson,443558,2017,21.7,70.2,21.4,27.9,49.9,50.1,81,78.6,47.2,
Trumbo, Mark,444432,2017,24.7,71.6,21.4,31.3,45.8,54.2,76,78.6,49.6,
Peralta, David,444482,2017,16.3,70.5,14.3,28.8,38.5,61.2,83.2,85.7,48.6,
Escobar, Alcides,444876,2017,16.2,73.1,15,35.4,31.2,67.1,79.2,83.5,53.9,
Longoria, Evan,446334,2017,16.1,68.7,14.6,32.2,33.5,66.5,74.6,85.4,49.8,
Cozart, Zack,446359,2017,15.4,60.8,10.3,21.7,31.6,67.9,66.9,89.7,40.9,
Reynolds, Mark,448602,2017,29.5,67.2,26,22.7,58.1,41.9,78.7,73.9,44.6,
Davis, Chris,448801,2017,37.2,59.1,25.5,27.3,55.4,44.6,67.6,74.1,42.9,
Headley, Chase,452104,2017,22.5,66.4,18.7,24.3,44.4,55.3,76.9,81,44.4,
Pence, Hunter,452254,2017,18.9,64.9,20.8,28.2,38.6,61.4,77.4,79.2,44.8,
Span, Denard,452655,2017,12.7,64.6,7.3,23.4,24.4,74.8,71.3,91.5,44.1,
Cabrera, Asdrubal,452678,2017,15.4,70.3,13.8,25.3,32.1,67.5,84.1,85.7,47,
Blackmon, Charlie,453568,2017,18.6,64,13,27.3,33.2,66.6,77,86.8,46.4,
Frazier, Todd,453943,2017,21.7,60,21.9,22.3,35.3,64.7,71.5,77.8,40.4,
Markakis, Nick,455976,2017,16.4,59.1,11.9,23.2,24.1,75.9,73.8,88.1,40.7,
Cain, Lorenzo,456715,2017,15.5,71.8,11.8,26.3,41.9,58.1,80.3,88.2,49.3,
McCutchen, Andrew,457705,2017,17.8,68.3,17.4,20.5,33.3,66.7,82,82.4,44.9,
Upton, Justin,457708,2017,28.3,64.8,24.9,24.1,45.5,54.5,79.3,75.1,44.4,
Turner, Justin,457759,2017,10.3,67.5,12.1,21.7,25.8,74.2,76.7,87.9,43.8,
Posey III, Buster,457763,2017,11.6,66.1,12.1,23.4,26.5,73.5,80.1,87.9,44.2,
Bruce, Jay,457803,2017,22.5,72.8,19.1,29.5,46.2,53.8,84.2,80.9,49.8,
Votto, Joey,458015,2017,11.7,70.3,12.8,13.2,29.1,70.9,86.6,87.2,41.9,
Gardner, Brett,458731,2017,17.9,52.4,9.7,21.8,27.8,71,58.1,89.2,36.3,
Joyce, Matt,459964,2017,20.8,66.7,20.5,19,39.1,60.9,83.3,79.3,42.3,
Gordon, Alex,460086,2017,23.3,69.7,17.1,25.2,39.6,60.1,77.3,82.8,47.4,
Andrus, Elvis,462101,2017,14.7,63.1,12.8,31.8,32.4,66.8,71,86.9,47.3,
Cabrera, Melky,466320,2017,11.1,63.6,6.7,31,25.4,74.4,64.1,93,46.2,
Santana, Carlos,467793,2017,14.1,61,15.3,19.7,31.4,68.6,76.8,84.7,40,
Gonzalez, Carlos,471865,2017,22.3,71.4,22.2,32,50.3,48.8,76.2,77.6,50,
Mercer, Jordy,474568,2017,15.8,61.1,8.8,23.8,31.7,67.9,71.8,91.1,41.9,
Alonso, Yonder,475174,2017,22.6,72.6,19.6,25.9,41.3,58.4,84.1,80.1,47.1,
Smoak, Justin,475253,2017,20.1,65.7,16.2,23.9,40.2,59.8,73.4,83.8,43,
Zimmerman, Ryan,475582,2017,21.9,61.7,16.6,29.2,38.6,61.4,68.6,83.4,44.3,
Lowrie, Jed,476704,2017,15.5,74.6,13.9,22.1,34.6,65,89.9,85.9,48.2,
Morrison, Logan,489149,2017,24.8,69.4,21.2,25,47.3,52.7,81.6,78.8,46,
Gurriel, Yuli,493329,2017,11.0,69.1,10.6,30.5,31.3,68.4,72.6,89.3,48.3,
Solarte, Yangervis,500208,2017,11.9,71.9,9,33.5,28.1,71.9,81.6,90.8,51.5,
Freese, David,501896,2017,23.1,61.6,18,24.2,35.7,64.3,72.7,82,43.4,
Davis, Khris,501981,2017,29.9,74.8,25.9,21.9,57.3,42.4,89.7,74,47.2,
Pham, Tommy,502054,2017,22.1,59.6,14.6,16.2,43.5,55.9,70.6,85.3,37.9,
Reddick, Josh,502210,2017,13.3,64.5,8.7,27.6,28.6,71.1,74.6,90.9,44.1,
Murphy, Daniel,502517,2017,13.0,66.7,9,30.4,22.6,77.4,75.3,91,47.1,
Goldschmidt, Paul,502671,2017,22.1,62.1,21.4,23,38.3,61.7,74,78.6,40.9,
Gonzalez, Marwin,503556,2017,19.2,61.6,12.7,26.6,34.9,65.1,65.9,86.4,42.4,
Altuve, Jose,514888,2017,12.7,67.6,10,32,27.6,72,72.2,89.5,47.8,
Hernandez, Cesar,514917,2017,18.0,61.5,14.2,20.4,40,57.9,71.3,83.9,41.1,
Segura, Jean,516416,2017,14.7,66.6,11.1,31.8,26.1,73.3,80,88.6,49.4,
Freeman, Freddie,518692,2017,18.5,82.2,19.9,28.9,37.4,62.6,87.9,80.1,52.9,
LeMahieu, DJ,518934,2017,13.2,59,9.2,22.2,22.9,76.4,70.7,89.9,41.7,
Moreland, Mitch,519048,2017,20.8,69.2,16.9,27.3,44.8,54.9,81.8,83.1,46.4,
Moustakas, Mike,519058,2017,15.7,75.7,12.7,39,34.3,65.7,86.6,87,55.7,
Rizzo, Anthony,519203,2017,13.0,67,12,27.9,31.8,67.9,72.9,87.6,46.5,
Souza Jr., Steven,519306,2017,29.0,69.5,24.8,21.4,52.7,46.6,85.6,74.6,44.1,
Stanton, Giancarlo,519317,2017,23.6,66.4,22.4,24.4,51.7,48.3,75.1,77.6,42.9,
Thames, Eric,519346,2017,29.6,66.7,22.8,23.8,51.5,48.5,80,77.2,43.2,
Galvis, Freddy,520471,2017,16.7,67.3,11.6,32,29.3,69.4,76.2,87.5,48.9,
Garcia, Avisail,541645,2017,19.8,83.5,18.2,37.7,50.4,49.6,91,81.8,58.9,
Inciarte, Ender,542255,2017,13.1,71.2,10.3,35.7,22.1,76,79.6,88.1,53.1,
Ozuna, Marcell,542303,2017,21.2,72.9,18.5,29.9,44,56,77.4,81.5,49.6,
Beckham, Tim,542921,2017,29.0,71.1,22.4,30.4,50.4,49.3,81.7,77,50.6,
Crawford, Brandon,543063,2017,19.8,76,19.9,28.8,47.8,51.5,84.9,80,51.4,
Harrison, Josh,543281,2017,16.6,72.9,18.1,33.1,29.9,68.9,83,81.4,53,
Hosmer, Eric,543333,2017,15.5,69.8,13.5,26.8,40.5,59.5,82.1,86.4,47.1,
Rendon, Anthony,543685,2017,13.6,61.8,9.8,18.6,29.2,70.4,72,90,40.5,
Shaw, Travis,543768,2017,22.8,66.7,15.2,27.6,33,66.2,75.2,84.5,45.3,
Springer III, George,543807,2017,17.6,68,17.1,22.1,42,57.6,86.7,82.9,44.7,
Strange-Gordon, Dee,543829,2017,13.4,69.7,9.8,36,23.7,72.7,75.3,86.5,54.2,
Gregorius, Didi,544369,2017,12.3,81.8,15.1,37.8,34.5,65.3,83.2,84.5,58.4,
Trout, Mike,545361,2017,17.8,58.9,11.7,18.8,36.7,63.3,75.3,88.3,37.7,
Herrera, Odubel,546318,2017,22.4,71.2,18.2,38.1,39.9,59.9,74.1,81.1,53.3,
Abreu, Jose,547989,2017,17.6,67.3,13.6,30.5,40.7,59.3,67.3,86.4,48.2,
Suarez, Eugenio,553993,2017,23.3,64.3,16.7,21.6,46.2,53.8,72.6,83.3,42.2,
Santana, Domingo,570267,2017,29.3,70.4,25,24.2,51.1,48.9,83.3,75,46.3,
Sanchez, Yolmer,570560,2017,20.8,67.4,16.3,33.2,38.3,60.2,72.3,83.1,50.3,
Schoop, Jonathan,570731,2017,21.0,75.2,20,33,43.7,56.3,85.6,80,52.4,
Arenado, Nolan,571448,2017,15.6,71.1,15.6,28.1,40.3,59.7,75.5,84.4,48.2,
Hamilton, Billy,571740,2017,21.0,65.1,14.9,26.8,29.8,68.7,72.8,82.3,46.4,
Joseph, Tommy,571830,2017,24.2,67.7,16.4,34.3,43.6,56.4,72.8,83.6,49.6,
Lamb, Jake,571875,2017,23.9,60.5,16,20.5,45.2,54.8,68.9,83.9,39.8,
Myers, Wil,571976,2017,27.7,65.1,18.7,25.2,41.1,58.9,74.3,81,44.2,
Seager, Kyle,572122,2017,16.9,62.4,15.8,23.5,34.7,64.7,70.3,84.1,42.9,
Carpenter, Matt,572761,2017,20.1,55.7,14.3,14.2,38.7,59.8,71.9,84.6,34.6,
Dickerson, Corey,572816,2017,24.2,78.6,26.9,42.7,31.1,68.9,88.7,73.1,58.7,
Dozier, Brian,572821,2017,20.0,59.5,19.6,25.8,35,64.8,71.5,79.7,41.7,
Bryant, Kris,592178,2017,19.2,71,18,24.3,38.5,61.5,84.9,82,45.4,
Castellanos, Nick,592206,2017,21.4,73.1,17.6,31.8,45.7,54.3,78,82.3,51.2,
Gamel, Ben,592325,2017,22.2,62.3,14.6,26.5,36.6,63,71.7,85.3,44.7,
Healy, Ryon,592387,2017,23.5,62.1,16.9,33.7,43.7,56.3,64.7,83,47.6,
Judge, Aaron,592450,2017,30.7,66.2,23.2,22.7,60.1,39.9,83.7,76.8,41.1,
Machado, Manny,592518,2017,16.7,71.9,13.5,29.6,39.1,60.6,84.7,86.3,49,
Realmuto, J.T.,592663,2017,18.3,66.9,13.3,28.5,34.1,65.9,70.3,86.6,48.3,
Rosario, Eddie,592696,2017,18.0,76,20.2,36.7,31,68.5,86.6,78.8,55.4,
Simmons, Andrelton,592743,2017,10.4,66.5,9.9,26.8,22.2,76.2,82.1,89.4,46.3,
Yelich, Christian,592885,2017,19.7,64,14.1,23,42.2,57.8,77.6,85.6,42.5,
Merrifield, Whit,593160,2017,14.0,68.5,11.4,32.2,30.9,68.5,74.6,88.3,50.8,
Bogaerts, Xander,593428,2017,18.3,55,12.3,29.1,36.5,63.5,61.3,87.6,41.9,
Polanco, Jorge,593871,2017,14.3,62.3,8.7,24.3,30.2,66.9,70.1,89.8,43.9,
Calhoun, Kole,594777,2017,20.5,70.8,18.2,29,41.1,58.7,85.4,81.4,47.9,
Duvall, Adam,594807,2017,26.3,66.2,19.1,31.4,39.3,60.7,73.8,80.9,48.1,
Schebler, Scott,594988,2017,23.5,76.3,22.9,32.7,41.6,58.1,87.3,76.5,52.7,
Baez, Javier,595879,2017,28.3,73.2,24.3,42.9,52.3,47.3,89.6,75,56.5,
Lindor, Francisco,596019,2017,12.9,67.9,9.1,28.8,28.6,70.9,72.9,90.5,47.4,
Odor, Rougned,596059,2017,24.9,71.7,17,37.2,40,59.6,79.1,82.8,52.9,
Story, Trevor,596115,2017,34.4,68.9,24,26.8,50.8,48.8,77.6,75.7,48.2,
Sanchez, Gary,596142,2017,22.9,66.1,19.4,32.5,44.1,55.9,68.1,80.6,47.9,
Kepler, Max,596146,2017,20.1,61.1,13.8,26.8,40.4,59.2,65,85.2,43.3,
Franco, Maikel,596748,2017,15.2,74.8,17.6,28.3,33.3,66.7,87.8,82.4,50.3,
Bradley Jr., Jackie,598265,2017,22.9,67.2,24.3,25.7,44.1,55.9,80.7,75.7,47.1,
Bell, Josh,605137,2017,18.9,66.9,18.9,24,34.6,65.4,82.5,81.1,43.6,
Betts, Mookie,605141,2017,11.1,53.4,10.2,19.2,30.1,69.9,60.1,89.7,35.9,
Panik, Joe,605412,2017,9.4,64,7.3,23.2,21.2,78.8,80.1,92.7,43.3,
Arcia, Orlando,606115,2017,18.2,74.8,18.7,34.7,39.9,59.5,79.3,80.5,54.2,
Peraza, Jose,606299,2017,13.5,68.4,8.6,34.3,29.1,68.9,74.1,90.4,51.7,
Pillar, Kevin,607680,2017,15.0,67.9,8.6,36.9,30.5,69,73.3,91,52.2,
Ramirez, Jose,608070,2017,10.7,65.8,9.6,23.1,24,76,77.3,90.4,43.3,
Bregman, Alex,608324,2017,15.5,65.9,11.4,24.1,30,70,78.7,88.6,44.7,
Gallo, Joey,608336,2017,36.8,72.7,33.3,28.2,62.4,37.6,88.6,66.7,47.1,
Seager, Corey,608369,2017,21.4,78.4,18.8,25.6,50,50,92.1,81.2,50.1,
Mazara, Nomar,608577,2017,20.6,65.4,18,30.8,38.6,61.4,74.1,82,46.1,
Swanson, Dansby,621020,2017,21.8,66.4,17,24.6,40.6,59.4,79.9,82.8,44.5,
Taylor, Chris,621035,2017,25.0,68.5,17,22.2,51.2,47.5,82.1,82.3,45.9,
Buxton, Byron,621439,2017,29.4,66.7,22.1,31.9,48.7,49.4,76.3,74.9,49.6,
Margot, Manuel,622534,2017,20.0,63.2,16.1,27,34.9,64.4,73.9,83.6,45.8,
Puig, Yasiel,624577,2017,17.5,69.9,17.4,26.2,41.4,58.3,85.1,82.1,46.4,
Anderson, Tim,641313,2017,26.7,70.4,19.5,40.2,46.4,52,79.5,80.2,55.1,
Bellinger, Cody,641355,2017,26.6,68.1,27.4,23.5,44.8,54.4,79.1,71.9,44.7,
Mancini III, Trey,641820,2017,23.7,73.3,22,31.4,41.5,58.5,82.6,78,50.9,
Benintendi, Andrew,643217,2017,17.0,65.3,12.9,25.2,33.6,66.1,77.5,86.7,44.1,
Ortiz, David,120074,2016,13.7,68.6,12.1,26.5,31.8,67.9,80.4,87.6,43.5,
Beltre, Adrian,134181,2016,10.3,64.7,11,34.4,22.2,77.8,70.4,89,48.7,
Beltran, Carlos,136860,2016,17.0,66.5,12.9,28.3,32.8,67.2,73.5,87.1,45.6,
Werth, Jayson,150029,2016,22.9,52.8,16.4,22.4,32.1,67.9,66.8,83.6,38.1,
Martinez, Victor,400121,2016,14.8,65.2,11.7,30.5,27.1,72.9,70.5,88.3,46.4,
Utley, Chase,400284,2016,20.4,58.6,11.2,21.5,39.8,60.2,72.7,88.2,40.2,
Pujols, Albert,405395,2016,11.5,62.4,9.6,30.8,26.8,73.2,66.5,90.4,45.8,
Mauer, Joe,408045,2016,16.1,50.8,11.2,21.1,24.6,74.6,55.5,88,35.5,
Cabrera, Miguel,408234,2016,17.1,70.9,15.9,30.8,34.9,65.1,78.6,84.1,48.7,
Gonzalez, Adrian,408236,2016,18.5,71.4,15.8,30.1,36,63.5,77.6,84,48.1,
Phillips, Brandon,408252,2016,11.6,75.4,11.9,40.9,31.4,68.6,74.7,87.7,57.6,
Upton Jr., B.J.,425834,2016,28.8,69.4,29.6,28.2,48.9,50.8,85.6,70,50.2,
Molina, Yadier,425877,2016,10.8,72,12.9,35.1,19.8,80.2,76.1,86.8,53.3,
Cano, Robinson,429664,2016,14.0,70.2,8.5,34.7,32.2,67.8,75.1,91.5,50.8,
Encarnacion, Edwin,429665,2016,19.7,65,16.9,21.4,42.7,57.3,78.7,83.1,42.4,
Bautista, Jose,430832,2016,19.9,56.5,13.5,19,41.8,58.2,71.7,86.3,36.7,
Jones, Adam,430945,2016,17.1,82.6,17,42.6,40.4,59.6,85.2,82.9,60.4,
Martin, Russell,431145,2016,27.7,56.9,24,19.2,49,50.5,74.5,75.8,39,
Granderson, Curtis,434158,2016,20.5,56.8,12.7,20.2,42.9,56.4,72.4,87,36.5,
Pagan, Angel,434636,2016,12.2,57.9,7.6,23.3,21.5,77.6,65.6,92.2,40.7,
Ramirez, Hanley,434670,2016,19.4,65.9,14.8,29.6,41.4,58.6,76.2,85.2,46.4,
Morales, Kendrys,434778,2016,19.4,66.9,16,32.9,36.9,63.1,70.4,84,48,
Kendrick III, Howie,435062,2016,17.7,67.2,13.4,28.3,38.6,61.4,76.7,86.6,47.9,
Napoli, Mike,435063,2016,30.1,63.5,25.3,24.7,43.4,56.6,78.3,74.7,43.8,
Kinsler, Ian,435079,2016,16.9,62.5,9,25.1,35.1,64.9,67.6,90.7,44.9,
Desmond, Ian,435622,2016,23.6,62.2,19,29.1,47.3,51.8,65,80.8,46.5,
Cruz Jr., Nelson,443558,2016,23.8,68.7,20.3,28,48.6,51.4,76,79.7,47.4,
Trumbo, Mark,444432,2016,25.5,69.1,20.1,31.4,47.6,52.4,80.7,79.9,49.3,
Escobar, Alcides,444876,2016,14.1,69.7,14.9,38.6,30.1,67.6,75,83.2,53.7,
Prado, Martin,445988,2016,10.5,51.5,6.2,26.9,19,81,57,93.7,39.6,
Longoria, Evan,446334,2016,21.0,64.5,19,32.4,40.4,59.6,70.6,81,48.5,
Cozart, Zack,446359,2016,16.5,65.8,11,27.1,38.1,61.5,69.4,88.8,46.8,
Davis, Chris,448801,2016,32.9,62.4,27,27.4,54.5,44.8,72.7,73,42.6,
Zobrist, Ben,450314,2016,13.0,55.3,7.6,18.8,25.7,73.5,68,91.5,35.5,
Fowler, Dexter,451594,2016,22.5,62.9,16.4,17.6,39.9,58.7,73.9,83.2,39.2,
Headley, Chase,452104,2016,22.3,65.6,16.6,23.9,45.6,54.1,78.7,82.9,44,
Span, Denard,452655,2016,12.4,64.4,8.3,24.8,28.1,70.3,74.3,91.2,44.3,
Cabrera, Asdrubal,452678,2016,18.1,72.6,15.3,32.3,37.4,62.4,76,83.5,50.8,
Ellsbury, Jacoby,453056,2016,13.4,66.9,9.2,25.3,37.4,62.6,72.3,90.3,46.5,
Tulowitzki, Troy,453064,2016,18.6,61.4,16.8,26.8,30.7,69.3,72.9,83.1,44.6,
Blackmon, Charlie,453568,2016,15.9,63.9,10.5,32,28.5,70.6,64.5,88.5,47.1,
Frazier, Todd,453943,2016,24.5,64.9,21.6,30.1,41.4,58.6,74.4,78.3,46.7,
Markakis, Nick,455976,2016,14.8,61,9.5,21.4,21.6,78.4,71.4,90.5,40.4,
Pedroia, Dustin,456030,2016,10.5,58.4,9.8,24.7,19,81,67,90.2,43.1,
Nunez, Eduardo,456488,2016,14.8,70.7,11.6,36.8,26.8,71.4,75.5,86.6,53.6,
McCutchen, Andrew,457705,2016,21.2,68.9,18.9,24,43.8,56.2,84.2,81.1,46.2,
Upton, Justin,457708,2016,28.6,64.6,24.7,23.4,47.7,52.3,77.2,75.1,44,
Turner, Justin,457759,2016,17.2,63.8,16.1,23.6,25.7,73.9,72.7,83.8,44.4,
Posey III, Buster,457763,2016,11.1,66.6,9.6,26.5,25.4,74.3,69.3,90.4,46.7,
Espinosa, Danny,457787,2016,29.0,70.2,22,32.2,50.1,47.5,75.5,75.2,48.9,
Bruce, Jay,457803,2016,21.4,76.1,19.5,32,37.8,62,87.5,80,51.4,
Votto, Joey,458015,2016,17.7,66.8,16.5,19.9,24.4,74.3,84.6,83.3,41.5,
Gardner, Brett,458731,2016,16.7,53.7,10.6,22.7,24.4,73.7,57.7,88.5,37.3,
Saunders, Michael,459431,2016,28.1,68.3,19.6,23.2,54.5,44.5,83.6,80.3,44.7,
Braun, Ryan,460075,2016,17.4,72.1,12.2,34.7,34.8,65.2,76.8,87.8,50.9,
Gordon, Alex,460086,2016,29.2,65.3,19.7,23.9,53.4,46.6,79.5,80.1,43.5,
Kemp, Matt,461314,2016,23.2,73.4,20.6,38.3,44.6,55.4,82.3,79.4,54.9,
Andrus, Elvis,462101,2016,12.3,60.1,10.2,24.9,31.5,67.3,67.4,89.2,43.4,
Cabrera, Melky,466320,2016,10.7,66.8,8.8,34.1,22.5,77.3,70.9,91,49,
Ramos, Wilson,467092,2016,15.1,71.2,12.8,28.2,35.4,64.6,81.4,87.2,50,
Santana, Carlos,467793,2016,14.4,60.5,13.9,19,35.1,64.9,69,85.8,39.2,
Gonzalez, Carlos,471865,2016,20.4,73,22.3,34.4,44.5,55,76.9,77.6,51.3,
Mercer, Jordy,474568,2016,14.2,60.2,9.4,27.6,26.5,72.8,65,89.9,43.5,
Belt, Brandon,474832,2016,22.6,77.9,17.1,23.5,46.2,52.9,92,82.7,47.4,
Carter, Chris,474892,2016,32.0,66.5,29.1,24.8,59.2,40.8,81.1,70.9,43.7,
Alonso, Yonder,475174,2016,13.9,68.2,10.6,25.8,35.1,64.5,82.2,89.2,46.4,
Escobar, Yunel,488862,2016,11.8,70.1,7.8,27.1,39.4,60.2,85.1,92,48.7,
Cespedes, Yoenis,493316,2016,19.9,64.6,17,33.1,36.5,63.5,73.5,83,47,
Ramirez, Alexei,493351,2016,12.5,65.3,10.5,32.5,28.2,71.8,73.2,89,48.6,
Davis, Khris,501981,2016,27.2,74.4,27.7,29.2,49.9,50.1,88.4,72.3,51.9,
Martinez, J.D.,502110,2016,24.8,75.6,19,31.3,51.8,48.2,86.7,81,52.4,
Valencia, Danny,502143,2016,22.2,60.2,15.8,29.4,51.5,48.5,71.5,84.2,44.1,
Murphy, Daniel,502517,2016,9.8,63.7,6.1,30.8,22.5,77.5,69.8,93.9,46,
Goldschmidt, Paul,502671,2016,21.3,59.7,18.4,20.7,33.6,66.4,74,81.6,38.4,
Gonzalez, Marwin,503556,2016,22.8,65.8,14.7,35.1,42.5,56.4,74.8,83.1,49.2,
Altuve, Jose,514888,2016,9.8,70.4,10.2,30.7,24.9,74.6,78.9,89.3,48.6,
Hernandez, Cesar,514917,2016,18.6,67.8,13.2,23.6,38,58.6,81.6,84.8,45.2,
Segura, Jean,516416,2016,14.6,63.6,11.1,29.9,29.5,70.5,66.7,87.6,46.9,
Castro, Starlin,516770,2016,19.3,68.1,15.3,35.3,38.6,61.4,80.7,84.7,51.6,
Marte, Starling,516782,2016,19.7,73.1,16.2,38.1,40.8,57.2,80.8,83.1,54.2,
Donaldson, Josh,518626,2016,17.0,63.4,17.2,23.4,39.8,59.9,77.8,82.6,41.7,
Freeman, Freddie,518692,2016,24.7,79.5,23.6,29.5,42,57.6,89,76.2,51.5,
Heyward, Jason,518792,2016,15.7,60,11.8,23.7,29.7,70.3,64.4,87.6,41.5,
LeMahieu, DJ,518934,2016,12.6,59.5,8.2,23.2,20.7,79.3,65.2,91.1,41.9,
Lucroy, Jonathan,518960,2016,18.4,56.6,13.2,28.4,32.6,67.4,62.1,86.8,42.8,
Moreland, Mitch,519048,2016,23.5,69.7,18.2,32.6,45.1,54.9,73.8,81.6,48.6,
Rizzo, Anthony,519203,2016,16.0,64,12.7,29.7,31.8,68,72.1,86.6,44.9,
Vogt, Stephen,519390,2016,15.6,60.2,10.7,30.8,29.9,70.1,59.9,88.7,45.4,
Galvis, Freddy,520471,2016,21.8,68.4,14.4,39.2,30.5,68.7,67.6,83.9,52.9,
Perez, Salvador,521692,2016,21.8,69.1,13.9,42.6,36.6,63.4,70.9,86.1,54.8,
Forsythe, Logan,523253,2016,22.4,57.2,18.8,19,36.4,63.6,63.3,81.2,39.6,
Inciarte, Ender,542255,2016,11.8,63.9,6.6,31.5,18.9,77.8,70.3,90.1,47.2,
Ozuna, Marcell,542303,2016,18.9,64.3,16.2,31.5,45.4,54.6,76,83.8,46.9,
Villar, Jonathan,542340,2016,25.6,66.4,20.5,22.4,44.2,53.1,78.5,77.5,43.8,
Crawford, Brandon,543063,2016,18.5,76.8,18.1,29.4,44.7,54.7,88.4,81.5,50.9,
Harrison, Josh,543281,2016,14.6,71.6,18.8,36.2,22.3,76.8,78.9,80.2,54.7,
Hosmer, Eric,543333,2016,19.8,70,15.9,31.3,44.4,55.4,80.1,83.9,48.6,
Kipnis, Jason,543401,2016,21.2,61.1,11.7,25.5,38.5,60.9,62.7,87.6,43.3,
Miller, Brad,543543,2016,24.8,70.3,20.9,29.2,40.6,59.4,81.2,79,49.1,
Rendon, Anthony,543685,2016,18.1,62.2,13.4,21.2,28.2,71.8,76.3,86.2,42.7,
Semien, Marcus,543760,2016,22.4,65.4,18.3,25.6,37.4,62,78.5,81.3,45.7,
Shaw, Travis,543768,2016,25.1,67.3,16.5,31.7,38,60.9,76.2,83.3,47.9,
Springer III, George,543807,2016,23.9,71.5,23.1,25.4,40.2,59.8,87.2,76.7,47.3,
Gregorius, Didi,544369,2016,13.7,74.3,13,38.9,27.7,71.4,73.6,86.9,55.4,
Trout, Mike,545361,2016,20.1,57.7,15.2,21.7,33.1,66.9,65.8,84.8,38.3,
Herrera, Odubel,546318,2016,20.4,68.8,14.8,34.2,36,62.4,77.6,82.5,49,
Harper, Bryce,547180,2016,18.7,67.5,16.3,24.3,35.9,63,79.5,83.5,41.7,
Martin, Leonys,547982,2016,25.9,70.3,21.8,33.2,42.4,52.3,71.8,73.6,51.6,
Abreu, Jose,547989,2016,18.0,68,14.5,37.7,37.1,62.9,72.1,85.5,51.1,
Suarez, Eugenio,553993,2016,24.7,61.4,17.3,26,42.2,57.5,69,82.6,43.5,
Polanco, Gregory,570256,2016,20.3,68.9,12.8,29.9,35.7,64,75.4,86.3,46.1,
Schoop, Jonathan,570731,2016,21.2,79.3,18.8,41.9,47.1,52.9,87.6,81.2,60.2,
Arenado, Nolan,571448,2016,14.8,67,12.7,32,29.9,70.1,70.9,87.3,48.1,
Gennett, Scooter,571697,2016,21.0,73.4,15.4,33.2,34.8,62.5,84.1,83.3,51.4,
Lamb, Jake,571875,2016,25.9,64.2,18.6,25.2,52.6,47.4,79.4,81.3,43.6,
Myers, Wil,571976,2016,23.7,57.7,17.6,24.9,30.8,69.2,70,82.4,40.7,
Piscotty, Stephen,572039,2016,20.5,72.5,18.8,33.1,40.3,59.7,80.7,81,52.4,
Seager, Kyle,572122,2016,16.0,61.1,13.2,24.5,31,68.4,68.7,86.3,42.2,
Carpenter, Matt,572761,2016,19.1,57.2,10.3,22.5,38.4,60.6,65.3,89.1,38.5,
Dickerson, Corey,572816,2016,24.5,74.8,26.8,41,32.5,67.3,82.8,73.2,55.9,
Dozier, Brian,572821,2016,20.0,61.3,18,28.2,33.3,65.6,69.3,81.8,43.7,
Iglesias, Jose,578428,2016,9.7,54.3,4.7,35.4,18.9,79.9,55.6,93.1,44.8,
Hechavarria, Adeiny,588751,2016,13.3,66.9,11,33.3,26.1,71.1,73.4,88.6,50.2,
Bryant, Kris,592178,2016,22.0,72.1,21.3,28.6,42.6,57.4,89.2,78.7,48.5,
Machado, Manny,592518,2016,17.2,70,14.7,30.7,38,62,80.7,85.1,49.3,
Realmuto, J.T.,592663,2016,18.3,66,13.1,30.4,33.3,66.7,73,86.5,48.1,
Yelich, Christian,592885,2016,20.9,63.2,13.9,21.2,50.5,49.5,76.3,85.9,40.3,
Bogaerts, Xander,593428,2016,17.1,58.5,11.6,32.5,34.8,65.2,64.7,88.3,45.4,
Calhoun, Kole,594777,2016,17.6,73,15.5,29.4,46.2,53.8,81.9,84.4,49.5,
Duvall, Adam,594807,2016,27.0,68.3,18.3,32.8,45.7,54.3,79,81.7,49.7,
Eaton, Adam,594809,2016,16.3,66.7,12.1,29.5,27.6,70.1,70.8,85.5,47.7,
Lindor, Francisco,596019,2016,12.9,69,12.4,28.4,27.2,71.5,78.1,86.7,47.6,
Odor, Rougned,596059,2016,21.4,69.1,13.5,41.8,38.6,60.3,75,86,54.7,
Cuthbert, Cheslor,596144,2016,18.8,67.7,15.3,30.1,41.6,58.1,79.8,84.7,49.3,
Franco, Maikel,596748,2016,16.8,72.3,16.6,32.3,39.8,60.2,88.1,83.4,51.4,
Bradley Jr., Jackie,598265,2016,22.5,63.9,19.7,27.4,41.8,58.2,69.8,80,45,
Betts, Mookie,605141,2016,11.0,57.5,6.9,23.1,34.6,64.7,70.8,93,41.3,
Panik, Joe,605412,2016,8.9,63.6,6.7,21.7,23.1,75.1,77.3,93.1,41.6,
Pillar, Kevin,607680,2016,15.4,61.1,9.5,37.6,33.4,64.8,66.3,89.4,49.6,
Ramirez, Jose,608070,2016,10.0,62,10.3,26.3,18,82,73.3,89.2,44,
Russell, Addison,608365,2016,22.6,72,23,28.7,44.2,55.6,81.8,76.7,49.9,
Seager, Corey,608369,2016,19.4,78.5,14.7,28.9,44.7,55.3,93.8,85.3,52.5,
Mazara, Nomar,608577,2016,19.7,61.2,12.4,31.6,32.5,67.5,66.9,87.6,44.6,
Garcia, Adonis,611177,2016,16.5,69.5,14.7,36.6,32.6,67.4,72.2,85.3,52.5,
Correa, Carlos,621043,2016,21.1,63.5,17.2,28,38.3,61.7,69.1,82.5,44.5,
Tomas, Yasmany,630111,2016,24.2,79.8,20.5,40,46.6,53.4,86.6,79.5,57.6,
Hunter, Torii,116338,2015,18.5,72.6,17,34.2,36.1,63.9,80.5,82.6,53.4,
Ortiz, David,120074,2015,15.5,70.8,17.1,26.4,34.8,65.2,76.9,82.6,44.7,
Rodriguez, Alex,121347,2015,23.4,67.5,26.2,24,45.8,54.2,75.3,73.8,43.9,
Ramirez, Aramis,133380,2015,13.2,73.5,12.2,34.4,28.8,71.2,78,87.8,52.9,
Beltre, Adrian,134181,2015,10.5,62.2,11.2,35.5,25.5,74.5,64.7,88.8,48.1,
Beltran, Carlos,136860,2015,16.0,65.5,11.1,28.8,31.3,68.7,80.7,88.9,45.4,
Rollins, Jimmy,276519,2015,15.3,66.2,11.4,24.8,35.1,64.6,79.8,87.8,45,
Pujols, Albert,405395,2015,10.9,62.8,9.5,29.5,29.5,70.5,67.9,90.5,45.4,
Byrd, Marlon,407781,2015,26.7,81.6,20.8,41.8,48.5,51.5,84.4,79.2,60.2,
Mauer, Joe,408045,2015,16.8,57.3,10.4,25.6,29.5,69.7,66.7,89,40.7,
Cabrera, Miguel,408234,2015,16.0,68.3,16.6,27.3,35.4,64.6,78.1,83.4,44.9,
Gonzalez, Adrian,408236,2015,16.6,73.7,14.6,32.2,33.3,66.7,83,85.1,49.7,
Phillips, Brandon,408252,2015,10.9,73.9,10.6,35.4,35.4,64.1,74.3,89.1,54.2,
Reyes, Jose,408314,2015,11.9,67.2,10.4,35.6,25.4,74,71,88.2,50.3,
Peralta, Jhonny,425509,2015,17.3,74.2,15.5,29,40,60,82.3,84.5,49.9,
Choo, Shin-Soo,425783,2015,22.5,62.9,21.6,22.9,39.6,59.4,73.9,77.6,41.9,
Molina, Yadier,425877,2015,11.1,74.1,14.4,34.2,22.4,77.2,82.4,85.2,54.1,
Fielder, Prince,425902,2015,12.7,70.6,10.5,32.3,36.2,63.6,77.6,89.5,47.9,
Cano, Robinson,429664,2015,15.9,71.5,11.1,31.8,34.2,65.6,78.9,88.9,49.8,
Encarnacion, Edwin,429665,2015,15.7,64.4,17.9,23.2,36.8,63.2,82,82.1,43.1,
Howard, Ryan,429667,2015,27.4,76.4,20.2,37.1,51.2,48.8,86.2,79.8,54.6,
Bautista, Jose,430832,2015,15.9,61.4,15.7,19.9,33.2,66.8,65.5,84.3,39.3,
Jones, Adam,430945,2015,17.6,81.3,15.5,44,36.6,63,85.6,83.2,60.4,
Aybar, Erick,430947,2015,11.4,68.8,7,38.7,22,75.5,71.2,89.6,52.6,
Martin, Russell,431145,2015,20.9,59.2,16.5,21,45,54.5,76.1,83.3,41,
Granderson, Curtis,434158,2015,22.1,58.3,14.3,19.4,37.7,62,62.4,85.7,37.5,
Pagan, Angel,434636,2015,16.9,60.5,8.1,23.8,22.5,77.1,65.2,91.9,41.5,
Morales, Kendrys,434778,2015,16.1,71.1,13.4,30.2,39.8,60.2,77.3,86.6,47.9,
Kinsler, Ian,435079,2015,11.9,67.1,6.8,26.1,27.1,72.9,79,93.1,47.1,
McCann, Brian,435263,2015,18.1,56.6,9.4,30.4,29,69.9,67.7,89.8,42.1,
Walker, Neil,435522,2015,18.2,72,12.9,30.7,32.6,66.7,79.6,86.9,49.7,
Desmond, Ian,435622,2015,29.2,67.8,18.8,33.1,48.1,51.1,77.7,80.5,49.9,
Cruz Jr., Nelson,443558,2015,25.0,69.6,23.9,30.9,42.9,57.1,73.3,76.1,48.1,
Trumbo, Mark,444432,2015,24.2,69.8,21.5,35.8,46.5,53.5,79.4,78.5,51.5,
Peralta, David,444482,2015,20.7,67.2,13.8,31.3,43.3,55.8,78.4,85.7,47.6,
Escobar, Alcides,444876,2015,11.3,68.3,11.4,35.3,31,67,73.3,87.4,52,
Prado, Martin,445988,2015,12.3,52,5.9,25.4,24.5,75.1,56.9,93.6,39.5,
Duda, Lucas,446263,2015,24.9,62.8,15,27.4,40.6,59.4,76.4,85,41.8,
Longoria, Evan,446334,2015,19.7,65.1,17.9,29.4,35.8,64.2,74,82.3,46.8,
Davis, Chris,448801,2015,31.0,70,27.7,28.8,51.1,48.4,81.7,72,47.3,
Zobrist, Ben,450314,2015,10.5,55.3,8.3,21.5,21.3,78,65,91.1,36.8,
Fowler, Dexter,451594,2015,22.3,66.8,16.1,19.4,38.6,59.7,79.9,83,41.6,
Headley, Chase,452104,2015,21.0,64.8,13,22.8,42.6,57.4,79.6,86.8,42.9,
Lind, Adam,452252,2015,17.5,60.9,12.6,32.1,33.3,66.7,64.7,87.4,44.4,
Cabrera, Asdrubal,452678,2015,19.4,73.7,17.1,37.6,32.4,66.2,81.1,80.9,54,
Tulowitzki, Troy,453064,2015,21.3,63,17.5,28.5,34,65.7,74.2,82.5,44.9,
Blackmon, Charlie,453568,2015,16.4,59.8,8.7,27.5,29.4,69.8,64.8,89.8,42.8,
Frazier, Todd,453943,2015,20.2,73.5,17.5,35,37.8,61.5,81.4,82.2,52.9,
Markakis, Nick,455976,2015,12.1,60.4,8.9,25.6,17.1,82.9,69.4,91.1,41.6,
Butler, Billy,456714,2015,16.8,60.6,10.3,28.7,37,63,73.2,89.7,44.7,
Cain, Lorenzo,456715,2015,16.2,67.7,10.8,32.7,34.5,65.5,74.3,88.7,49.4,
McCutchen, Andrew,457705,2015,19.4,68.1,20.5,21.5,42.1,57.9,84.1,79.5,43.3,
Jackson, Austin,457706,2015,23.9,62.3,15.4,24.6,40.5,58.7,68.8,83.9,44.3,
Upton, Justin,457708,2015,25.6,67,25.6,22.7,49.5,50.5,77.2,74.3,44.4,
Maybin, Cameron,457727,2015,18.4,61.2,12.4,25.7,39.9,59.8,74.1,86.9,43.6,
Posey III, Buster,457763,2015,8.3,69.8,8.4,27,24.6,75.4,81.8,91.4,47.2,
Bruce, Jay,457803,2015,22.3,73.8,15.4,30.7,41.1,58.2,82.5,84,48.2,
Votto, Joey,458015,2015,19.4,61.4,20.6,16.7,33.9,65.3,71.7,79.1,36.7,
Coghlan, Chris,458085,2015,18.7,66.9,12.8,21.4,40.5,58.6,77.9,87.2,43.8,
Gardner, Brett,458731,2015,20.6,54.5,13.3,22.1,38.8,59.6,59.9,86.1,37.4,
Braun, Ryan,460075,2015,20.2,68.7,14.2,35.8,35.8,64,76,85.8,50.3,
Moss, Brandon,461235,2015,28.1,71,19,30.9,50.3,49.7,87,80.8,49.3,
Kemp, Matt,461314,2015,22.7,69.7,18.9,34.7,39.4,60.6,82.1,81.1,50.9,
Plouffe, Trevor,461858,2015,19.6,64.6,14.7,24.6,37.9,61,72,84.9,44.9,
Andrus, Elvis,462101,2015,11.8,59.1,8.9,25.3,30,68.9,67.5,89.3,43.1,
Cervelli, Francisco,465041,2015,18.4,62.1,14.1,19.2,35.8,63.6,70.4,85.9,41.3,
Cabrera, Melky,466320,2015,12.9,62.8,8.5,32.8,21.6,77.5,67.2,90.7,47,
Sandoval, Pablo,467055,2015,14.5,74.5,15.5,47.2,23.4,76.2,76.4,84.5,58.8,
Ramos, Wilson,467092,2015,20.0,72.7,16.1,33.8,42.6,57.4,86.8,83.9,53.6,
Santana, Carlos,467793,2015,18.3,57.4,14.4,19.1,31.6,66.7,69,85.4,36.6,
Parra, Gerardo,467827,2015,15.6,73.9,11.4,38.1,30,69.5,85.4,86.6,54.8,
Gonzalez, Carlos,471865,2015,21.9,77.8,21,36.7,45.1,53.8,87.6,78.3,53.7,
Belt, Brandon,474832,2015,26.4,81.4,22.1,25.4,43.4,56.6,93,77.5,49.8,
Brantley Jr., Michael,488726,2015,8.6,64,4.5,22.1,19.9,79.7,75.2,95.3,42.3,
Escobar, Yunel,488862,2015,11.8,73.3,10.2,26.6,38.6,60.6,82.9,89,49.9,
Morrison, Logan,489149,2015,15.9,69.4,12.5,28.9,31.5,68.5,81.6,87.2,47.9,
Cespedes, Yoenis,493316,2015,20.9,62.7,17.2,36.3,33.9,66,75.8,82.8,48.9,
Ramirez, Alexei,493351,2015,10.9,66.4,11.2,31.3,24.9,74.9,79.9,88.3,48.6,
Solarte, Yangervis,500208,2015,9.8,67.8,6.5,30.7,27,72.7,74.5,92.9,48.4,
Martinez, J.D.,502110,2015,27.1,74.3,22.3,33.3,47.9,52.1,83.7,77.7,52.7,
Reddick, Josh,502210,2015,11.2,64.8,8.6,26.7,30.2,69.5,69.6,91.3,43.4,
Murphy, Daniel,502517,2015,7.1,70.2,4.1,31.5,17.3,82.7,71.8,95.9,48.4,
Goldschmidt, Paul,502671,2015,21.7,59.3,20.8,20.2,36.1,63.9,71.8,79.2,38.1,
Altuve, Jose,514888,2015,9.7,70.9,6.6,34.5,20,79.2,80.6,92.9,51.7,
Segura, Jean,516416,2015,15.9,70.2,11.6,36.7,28.6,70.1,77.3,87.2,53.7,
Castro, Starlin,516770,2015,15.7,64.6,12.3,33,34,65.4,72.7,87.7,48.7,
Marte, Starling,516782,2015,19.4,75.9,17,38.7,43.5,55.2,84.7,82,57.1,
Donaldson, Josh,518626,2015,18.7,68.6,19.1,23.3,43.3,56.7,82,80.8,45.8,
Heyward, Jason,518792,2015,14.8,61.3,7.7,24,34.4,65.6,61.1,92,41.1,
LeMahieu, DJ,518934,2015,17.3,62.6,11.1,23.7,31,68.3,71.6,87.8,43.5,
Moreland, Mitch,519048,2015,21.7,66.9,16.7,29.8,43.1,56.9,72,83.2,47,
Moustakas, Mike,519058,2015,12.4,64.7,10.3,31.5,28.7,71.3,70.6,89.2,47.3,
Norris, Derek,519083,2015,23.5,62.4,14.1,24.6,43.7,56.3,70.4,85.9,44.9,
Revere, Ben,519184,2015,10.1,57.5,3.6,28.8,23.2,75.1,57.4,95.1,42.5,
Rizzo, Anthony,519203,2015,15.0,67.4,11.1,31.1,31.3,68.5,78.8,88.3,45.9,
Vogt, Stephen,519390,2015,19.0,56.9,10.9,29.1,29.9,70.1,64.3,88.9,41.2,
Galvis, Freddy,520471,2015,17.1,64,11.5,39.7,29.6,68.8,71.3,86.9,51.2,
Perez, Salvador,521692,2015,14.8,67.7,9.8,41.7,29.7,70.3,67.9,90.1,53.9,
Forsythe, Logan,523253,2015,18.0,57.1,13.6,22.4,32,68,67.4,86.4,40.3,
Flores, Wilmer,527038,2015,12.4,66.3,11.3,29.1,21.8,77.9,73.4,88.4,48.8,
Garcia, Avisail,541645,2015,23.5,78.9,20.6,42.7,46.5,53.5,82.6,79.4,58.8,
Inciarte, Ender,542255,2015,10.3,62.2,6.6,34.8,19.7,76.7,66,88.9,48.7,
Burns, Billy,542993,2015,14.6,79.5,13.4,36.8,22.4,76.4,89.6,85.4,58.5,
Crawford, Brandon,543063,2015,21.2,75.3,19.1,32.3,45,54.5,84.8,80.3,51.8,
Giavotella, Johnny,543213,2015,11.8,62.8,9,26.6,29.7,69.4,74.5,90,45.6,
Gose, Anthony,543238,2015,27.1,70.8,17.6,30.5,44.9,50.6,73.8,79.3,50,
Hosmer, Eric,543333,2015,16.2,64.2,12.7,31.4,32.5,66.6,68,86.9,45.5,
Kipnis, Jason,543401,2015,16.7,61.4,9.4,25.8,34,64.8,67.9,89.6,43.3,
Lawrie, Brett,543434,2015,23.9,62.9,18.6,34.8,40,59.8,70.3,81.3,48.7,
Semien, Marcus,543760,2015,22.0,61.8,15.5,24,41.9,58.1,75.6,84.1,43.8,
Strange-Gordon, Dee,543829,2015,13.9,65.6,8.8,37,23.6,74.4,71.3,87.4,51.9,
Wong, Kolten,543939,2015,15.5,72.8,11.9,32.9,32.5,66.4,79.7,87.6,50.4,
Gregorius, Didi,544369,2015,14.7,71.4,15.1,34.7,35.7,63.8,77.2,84.2,51.8,
Trout, Mike,545361,2015,23.2,53.7,15.4,22.5,36.5,63.5,58.4,84.6,37.4,
Herrera, Odubel,546318,2015,24.0,67.3,14.6,35.2,41.5,56.5,77,82.7,50,
Harper, Bryce,547180,2015,20.0,71.4,17.9,25.6,43.5,55.8,71.9,80.8,44.2,
Abreu, Jose,547989,2015,21.0,66,15.6,34.6,39.3,60.7,70.6,84.4,48.7,
Polanco, Gregory,570256,2015,18.6,65.9,11.8,29.3,32.3,66.3,70.6,84.8,44.8,
Arenado, Nolan,571448,2015,16.5,73.3,11.3,35.7,38.6,60.9,75.6,88.7,53.1,
Holt, Brock,571788,2015,19.1,56.8,9.5,24.7,27.8,71.8,64.7,89.9,40.6,
Owings, Chris,572008,2015,26.1,70.3,15.6,36,46.8,51.4,78.9,83.3,53.6,
Pollock, AJ,572041,2015,13.2,63.7,7.2,28.7,38.2,61.2,70.7,91.8,46.3,
Seager, Kyle,572122,2015,14.3,62.9,10.2,28.3,33.8,66.2,69.7,89.1,45.4,
Taylor, Michael A.,572191,2015,30.9,72,24.4,32,53.7,44.6,87,74.3,52.2,
Carpenter, Matt,572761,2015,22.7,59.4,15.5,20.7,36.8,62.2,71.8,83.6,38.9,
Dozier, Brian,572821,2015,21.0,62.7,16.1,29,33.7,64.4,76.9,82.5,45.2,
Bryant, Kris,592178,2015,30.6,73.6,27.9,28.8,51.8,48.2,89.3,72.1,48.9,
Castellanos, Nick,592206,2015,25.5,69.5,18.8,32.5,49.9,50.1,79.5,81.2,49.7,
Machado, Manny,592518,2015,15.6,63.5,10.8,24.7,33.4,66,74.4,88.7,43.2,
Pederson, Joc,592626,2015,29.1,64.9,26.9,24.9,54.2,44.9,67.5,72.4,42.5,
Simmons, Andrelton,592743,2015,8.2,65.3,7.6,25.3,23.2,76.4,79.8,91.4,45.9,
Yelich, Christian,592885,2015,19.2,64.8,13.7,24.4,41.7,57.9,74.2,84.6,43.2,
Bogaerts, Xander,593428,2015,15.4,63.4,13.3,34.1,34,65.7,70.4,86.5,49.1,
Calhoun, Kole,594777,2015,23.9,71.6,17.5,29.4,50.4,49.6,78.6,82.4,49,
Eaton, Adam,594809,2015,19.0,60.6,12.6,27.8,30.2,67.8,67,85,44.1,
Gattis, Evan,594828,2015,19.7,68.7,18.6,36.4,34.3,65.7,77.1,81.4,50.5,
Kiermaier, Kevin,595281,2015,17.8,71.8,15.9,31.6,32.1,66.7,79.5,82.8,51.4,
Betts, Mookie,605141,2015,12.5,54.3,9.3,23.5,29.8,70.2,59.3,90.5,40.2,
Peterson, Jace,607054,2015,20.1,62.4,16.7,26.4,35.2,62.4,71.6,81.9,43.5,
Pillar, Kevin,607680,2015,13.5,63.2,11.6,38.7,29.4,69.6,63.2,87.3,51.2,
Russell, Addison,608365,2015,28.5,68.4,21.7,28,53.3,46.7,78.2,77.7,48,
Duffy, Matt,622110,2015,15.7,62.6,9.8,29.8,35,65,65.5,90,46,